SK_ID_CURR,TARGET,kmeans_cluster,hdbscan_cluster,gaussian_mixture_cluster
384575,0,0,0,0
214010,0,1,-1,1
142232,0,0,0,0
389171,0,0,0,0
283617,0,0,-1,0
362171,0,0,0,0
180689,0,0,0,0
310328,0,0,0,0
233043,0,0,-1,1
232220,0,0,0,0
134561,1,0,0,0
120952,1,0,-1,0
188909,0,1,-1,1
347275,0,0,0,0
250804,0,0,0,0
348749,0,0,0,0
231383,0,1,-1,1
119647,0,0,0,0
257374,0,0,0,0
305211,0,0,-1,1
153812,0,0,0,0
149325,0,0,0,0
404667,0,0,0,0
114238,0,0,0,0
373414,1,0,-1,1
188388,0,0,-1,1
231929,1,0,0,0
288831,0,0,-1,1
111556,0,0,-1,1
199643,0,0,-1,0
120657,0,0,0,0
439579,0,0,0,0
361223,0,1,-1,1
345983,0,0,-1,1
284103,0,0,0,0
280677,0,0,0,0
378518,0,0,-1,1
425522,0,0,-1,1
390314,0,0,0,0
160738,0,0,0,0
389904,1,0,0,0
123258,0,0,0,0
152796,0,0,0,0
134391,0,0,0,0
349402,0,0,0,0
196937,0,0,0,0
292484,0,0,0,0
160044,0,0,0,0
138523,0,0,-1,1
209865,0,0,0,0
297401,0,0,-1,1
155773,0,1,-1,1
387025,0,0,-1,1
337101,0,0,0,0
322386,0,0,-1,1
338300,0,0,-1,1
379443,0,0,0,0
129426,1,0,0,0
277039,0,1,-1,1
450086,0,0,0,0
276602,0,0,0,0
138400,0,1,-1,1
211463,0,0,0,0
114666,0,0,0,0
124477,0,0,-1,1
165205,0,0,-1,1
343760,0,0,0,0
140623,0,0,0,0
143311,0,0,0,0
185989,0,0,0,0
298045,0,0,0,0
112205,0,0,-1,0
189803,1,0,0,0
342139,0,0,-1,1
213028,0,0,-1,1
357624,0,0,0,0
422659,0,0,-1,0
334791,0,0,0,0
430775,0,0,-1,0
266456,0,0,-1,1
112836,0,0,-1,1
430776,0,0,0,0
401108,0,0,-1,1
266876,1,0,0,0
193089,0,0,0,0
125751,0,0,-1,1
182248,0,0,0,0
333675,1,0,-1,1
102143,0,1,-1,1
291986,0,0,0,0
138839,1,0,0,0
148136,0,0,-1,1
378496,0,0,0,0
139605,1,0,0,0
233353,1,0,0,0
110397,0,0,0,0
426103,0,0,0,1
122624,0,0,0,0
296180,0,0,0,0
312439,0,0,0,0
421750,0,0,-1,1
308303,0,0,0,0
268606,0,0,-1,0
257626,0,0,0,0
247821,0,0,-1,1
140578,0,0,0,0
372540,0,0,0,0
317071,0,0,0,0
200090,0,0,0,0
101538,1,0,1,1
368698,1,0,0,0
333727,0,1,-1,1
191974,0,0,0,0
226743,0,0,0,0
446285,1,0,0,0
184126,0,0,0,0
349136,0,1,-1,1
153624,0,0,-1,1
444775,0,0,0,0
288359,0,0,0,1
123690,0,0,0,0
125862,0,0,0,0
229764,0,1,-1,1
239257,0,1,-1,1
196864,1,1,-1,1
291527,0,0,-1,1
418766,0,0,0,0
224552,0,0,0,1
218033,0,0,-1,1
225127,0,1,-1,1
101475,0,0,0,0
382719,0,0,0,0
261216,0,0,-1,1
276251,0,1,-1,1
204529,0,0,-1,0
429650,0,0,-1,0
190921,0,0,0,0
140713,1,0,0,0
408331,0,0,0,0
411110,0,0,0,0
210031,0,0,-1,0
140773,0,0,0,1
237795,0,0,0,0
172135,1,0,0,0
315209,0,0,0,0
455672,0,0,0,0
175338,0,0,0,0
273362,0,0,0,0
167812,0,0,0,0
258972,0,0,0,0
192884,0,0,0,1
314671,0,0,0,0
270323,0,0,0,0
124985,0,0,0,0
156777,0,0,1,1
220689,0,0,0,0
395779,0,0,0,0
393898,0,0,-1,1
195467,0,0,0,0
357738,0,0,-1,0
282916,0,0,0,0
338163,0,0,0,0
313277,0,0,-1,1
371775,0,0,-1,1
174926,0,0,0,0
432201,0,1,-1,1
206191,0,0,-1,1
401426,0,0,0,0
334956,0,0,0,0
280523,0,1,-1,1
329038,0,0,-1,0
120568,0,0,0,0
246801,0,0,0,0
137460,0,0,0,0
333865,0,1,-1,1
140667,1,0,0,0
409357,0,0,0,0
348592,0,0,0,0
130536,0,0,0,0
205439,0,0,-1,1
256622,0,0,0,0
407720,0,0,-1,0
148478,0,0,0,0
266306,0,0,0,0
263601,0,0,0,0
326579,0,0,0,1
202813,0,0,0,0
187321,1,0,-1,1
220830,1,1,-1,1
226606,0,0,0,0
255072,0,0,-1,0
167878,1,0,0,0
147553,1,0,0,0
195122,0,0,0,0
243791,0,0,-1,1
370195,0,0,0,0
454056,0,0,-1,0
446571,0,0,0,0
314437,0,0,0,0
296876,0,0,0,1
146778,1,0,-1,1
367670,0,0,0,1
452938,0,0,0,0
171816,1,1,-1,1
133141,0,0,0,0
222426,0,0,0,0
273791,0,0,0,0
152509,0,0,-1,1
199332,0,0,-1,1
350742,0,0,-1,1
302418,0,0,-1,1
355325,0,1,-1,1
288037,0,0,-1,0
434299,0,0,-1,1
392200,1,0,-1,1
430310,0,0,0,0
173643,0,0,0,0
399954,0,0,-1,0
121338,0,0,0,0
150410,1,0,0,0
401227,0,0,0,0
266933,0,0,-1,1
417762,0,0,0,0
241069,0,0,0,0
430331,0,0,0,0
370492,0,0,0,0
342191,0,0,0,0
191077,0,0,-1,0
257028,0,0,-1,0
442554,0,0,0,0
249204,0,0,-1,1
315600,0,0,0,0
228436,0,0,0,0
262125,0,0,0,0
431255,0,0,0,0
400865,0,0,0,0
418409,0,0,-1,1
438901,0,0,0,0
348281,0,0,-1,1
452997,0,0,0,0
438186,0,0,-1,0
274833,0,0,-1,0
260704,0,0,0,0
262510,0,0,0,0
451245,0,0,0,0
338185,0,0,-1,1
134452,0,0,-1,1
443108,0,0,-1,1
264139,0,0,-1,1
350181,1,0,-1,1
270484,0,0,-1,1
100329,0,1,-1,1
453634,0,0,-1,1
423361,0,0,0,0
273124,0,1,-1,1
203085,0,1,-1,1
168301,0,0,0,0
192323,1,0,-1,1
321816,0,0,-1,1
366736,0,0,0,0
341508,0,0,0,0
182779,0,0,0,0
235859,0,1,-1,1
411941,0,0,0,0
291123,0,0,-1,1
191687,0,0,-1,1
367825,0,0,-1,1
262467,0,0,-1,1
197249,0,0,0,0
324798,0,0,0,0
285945,0,0,0,0
313516,0,0,0,0
331047,1,0,0,0
138242,1,0,0,0
396747,0,0,0,0
273269,0,0,0,0
163722,0,0,0,0
213381,0,0,0,1
405878,0,1,-1,1
253345,1,0,0,0
247637,0,1,-1,1
452481,0,1,-1,1
346788,0,0,0,0
382657,0,0,0,0
304547,0,0,0,0
283496,0,0,0,0
277482,0,0,0,0
102992,0,0,-1,0
401303,0,0,0,0
354514,0,0,0,0
191126,1,0,0,0
217769,0,1,-1,1
178120,0,0,-1,1
359900,0,0,-1,0
305975,0,0,0,0
223055,0,0,0,0
407064,0,0,0,0
249017,0,0,0,0
137905,0,0,-1,1
304908,0,0,0,0
435754,0,0,0,0
128839,0,0,-1,1
169277,0,0,0,0
434304,0,0,-1,0
454661,0,0,0,0
150440,0,0,-1,1
193333,0,0,-1,0
325265,0,1,-1,1
230384,0,0,-1,0
353699,1,0,0,0
128086,0,1,-1,1
121056,0,0,0,0
254570,1,0,-1,0
204560,0,0,0,0
101007,0,0,0,0
269453,0,0,-1,0
410506,0,0,0,0
452392,0,0,-1,1
256839,0,1,-1,1
126558,0,0,-1,1
164275,1,0,0,0
361519,1,1,-1,1
315978,0,0,0,0
402549,0,0,0,0
296755,0,0,0,0
141452,0,0,0,0
116528,0,0,0,0
433386,0,0,0,0
266615,0,0,-1,0
418819,0,0,0,0
169951,0,0,-1,1
288905,0,0,-1,1
147055,0,0,0,0
347993,0,0,0,0
455873,0,0,0,0
405618,0,0,0,0
276684,0,0,0,0
175236,0,0,0,0
276204,0,0,0,0
119421,0,0,0,0
370624,0,0,-1,0
371832,1,0,-1,0
353062,0,0,0,0
225513,0,0,0,0
164120,0,0,0,0
131732,0,0,-1,1
180113,0,0,0,0
244059,0,0,-1,1
434699,0,0,0,0
296414,0,0,0,0
400162,1,0,0,0
290796,0,0,0,0
384012,0,0,0,0
418291,0,0,0,0
328789,0,0,0,0
265625,1,0,0,0
175941,0,0,-1,1
397073,0,0,0,0
115390,0,0,0,0
112892,1,0,0,0
412085,0,0,0,0
142450,0,0,0,0
294030,0,0,-1,1
208190,0,0,0,0
185248,0,0,0,0
178863,0,0,0,0
359441,0,0,0,0
325348,0,0,-1,1
416662,0,0,0,1
449111,0,0,0,0
219687,0,0,0,0
192278,0,0,0,0
256670,0,0,0,0
150435,0,0,-1,0
154042,0,0,0,0
106555,0,0,-1,1
444606,0,0,-1,1
433307,0,0,0,0
346317,0,0,0,0
121678,0,0,0,0
341483,1,0,0,0
321946,0,0,-1,1
387911,0,0,0,1
376987,0,0,0,0
141706,0,0,0,0
379826,0,0,-1,0
357396,0,1,-1,1
120818,0,1,-1,1
381814,0,0,-1,1
332066,0,0,0,0
193593,0,0,0,0
240370,0,0,0,0
321432,0,1,-1,1
317021,1,0,0,0
292948,0,1,-1,1
350696,0,0,-1,1
391955,0,0,0,0
139238,0,0,-1,1
344619,0,0,0,0
443180,0,0,0,0
373763,0,0,0,0
246593,0,0,0,0
454065,1,0,0,1
236548,0,0,-1,1
117311,0,0,0,0
350520,0,0,-1,1
356710,0,0,0,0
361731,0,0,0,0
208243,0,0,0,0
434005,0,0,0,0
206152,1,0,0,0
452290,0,0,0,0
357691,0,0,0,0
146120,0,0,0,0
225154,0,0,0,0
285629,1,0,0,0
281935,0,0,-1,1
151944,0,0,0,0
112869,0,0,-1,1
402511,0,0,0,0
408372,1,0,0,0
444286,0,0,0,0
135550,0,0,0,1
318843,0,1,-1,1
402347,0,0,-1,1
229138,1,0,0,0
151251,0,1,-1,1
113230,0,0,0,0
453131,1,0,0,1
110021,0,0,-1,1
347484,0,0,0,0
253018,0,0,0,0
155360,0,0,0,0
147355,1,0,0,0
450951,0,0,0,0
233215,0,0,0,0
295545,0,0,-1,1
413814,0,1,-1,1
299627,0,0,-1,1
376371,0,0,0,0
105898,0,0,1,1
439702,0,1,-1,1
253563,0,0,0,0
375814,0,0,0,0
201649,0,0,0,0
114855,0,0,-1,1
191425,0,1,-1,1
438966,1,0,0,0
300739,0,0,0,0
381306,0,0,0,0
171900,1,0,0,0
270583,0,0,-1,0
117763,0,0,-1,1
421939,0,0,0,0
279022,0,0,0,0
145315,0,1,-1,1
268667,0,0,0,0
131832,0,0,0,0
200598,0,0,0,0
128967,0,0,0,0
278182,0,0,0,0
230843,0,0,-1,1
250856,0,0,0,0
157860,0,1,-1,1
451118,0,0,0,0
238144,0,0,-1,1
145576,0,0,0,0
261948,0,0,0,0
232933,0,1,-1,1
146833,0,1,-1,1
401551,0,0,0,0
262301,0,0,0,0
144242,0,0,-1,1
435421,0,0,0,0
233587,0,1,-1,1
257705,0,0,0,0
112550,0,0,0,0
101275,0,0,0,0
449934,0,0,0,0
408059,0,0,-1,1
332900,0,0,0,0
153972,0,0,0,0
244663,0,0,0,0
216426,0,0,-1,1
384717,0,1,-1,1
204006,0,0,0,0
445773,1,0,-1,0
146762,0,0,0,0
393350,0,0,0,0
349594,0,0,0,0
122169,1,0,0,0
125532,0,0,0,0
401356,0,0,-1,1
399348,0,0,0,0
427538,1,0,-1,1
185406,0,0,-1,1
100814,0,0,-1,1
286289,0,1,-1,1
387719,0,0,-1,0
281808,0,0,0,0
144804,0,0,-1,0
140500,0,0,0,0
283758,0,0,-1,0
316779,0,0,0,0
364370,0,0,0,0
180959,0,0,0,0
289630,0,0,-1,1
263966,0,0,-1,1
129219,0,0,0,0
123350,0,1,-1,1
428993,0,0,0,0
262513,0,0,0,0
307966,1,0,-1,0
264555,0,0,-1,1
385968,0,0,0,0
199571,0,0,0,0
434213,0,0,0,0
138833,0,0,0,0
178106,0,0,0,0
390810,0,0,-1,1
186607,0,0,-1,1
282684,0,1,-1,1
269883,0,0,-1,1
400929,0,0,0,0
323809,0,0,-1,1
406059,0,0,-1,1
122053,0,0,0,0
371189,0,0,-1,0
439860,0,0,0,0
213479,0,0,0,0
296441,1,0,0,0
212184,0,0,-1,0
439664,0,0,0,0
334688,0,0,-1,1
200400,0,0,-1,1
302307,1,0,0,0
352066,0,0,0,0
433909,0,0,0,0
440656,0,0,0,0
335488,0,0,0,0
408167,0,0,0,0
386002,0,0,0,0
436505,0,1,-1,1
425795,0,0,0,0
139120,0,0,0,0
423069,0,0,0,0
346264,0,0,-1,1
269025,0,0,-1,1
369925,0,1,-1,1
129458,0,0,0,0
202021,0,0,-1,1
393742,0,1,-1,1
209424,0,0,0,0
207588,0,0,0,0
132679,0,0,0,0
371783,0,0,0,0
311426,0,0,0,0
367443,0,1,-1,1
385275,0,0,0,0
219832,0,1,-1,1
365249,1,0,-1,0
285062,0,0,-1,0
110314,0,0,0,0
124332,0,0,0,0
438070,0,1,-1,1
252874,0,0,0,0
445684,0,0,-1,0
120070,1,0,-1,1
362145,0,0,0,0
187815,0,1,-1,1
375785,0,0,-1,0
446870,0,1,-1,1
289134,0,0,-1,1
442838,0,1,-1,1
302210,0,0,0,0
211182,0,0,0,0
251746,0,0,0,0
410489,0,0,0,0
338031,0,0,0,0
232165,0,0,0,0
197143,0,0,0,0
191587,0,0,0,0
145960,0,0,0,0
331698,0,0,1,1
113818,0,0,0,0
193783,0,0,0,0
119824,0,0,0,0
356527,0,0,0,0
245195,0,0,-1,0
318742,0,0,-1,1
170539,0,0,0,0
407502,0,0,-1,1
358024,0,0,1,1
272024,0,0,0,0
316505,0,0,0,0
205703,0,0,0,0
162482,0,0,0,0
203724,0,0,0,1
330897,0,0,0,0
274154,0,0,0,0
172201,0,0,0,0
256981,0,0,0,0
424308,0,0,-1,0
361765,0,0,0,0
389311,0,0,0,0
297820,0,0,0,0
252896,1,0,1,1
195764,0,0,0,0
149082,0,0,0,0
418274,0,0,-1,1
131545,0,0,0,0
258932,0,0,0,0
207300,1,0,0,0
414196,0,0,-1,1
245943,0,0,0,0
383083,0,0,-1,1
376938,0,0,0,0
340972,0,0,0,0
393254,0,0,-1,1
270869,0,0,-1,1
104759,0,0,0,0
173524,0,0,-1,0
201040,0,0,0,0
409290,0,0,0,0
290477,0,0,-1,1
144820,0,0,1,1
227947,0,0,-1,1
223358,0,0,0,0
208291,0,0,0,0
238740,1,0,0,0
402115,0,0,0,0
100588,0,0,0,0
316253,0,0,-1,1
236493,0,0,0,0
413028,0,0,0,0
401543,0,0,-1,1
120279,0,1,-1,1
291774,0,1,-1,1
300329,1,0,0,0
433671,0,0,-1,0
407762,0,0,0,0
176761,0,0,0,0
218706,0,0,-1,1
401685,0,0,0,0
154107,0,0,0,0
222739,0,0,0,0
149211,0,0,0,1
113053,0,0,0,0
434631,0,0,0,0
133748,0,1,-1,1
382934,0,1,-1,1
344319,0,0,0,0
213699,0,0,0,0
248290,0,0,0,0
399970,0,0,-1,1
152695,0,0,-1,1
226558,0,0,0,1
268126,0,0,-1,1
267812,0,0,0,0
296395,0,0,-1,0
113440,0,0,0,0
120792,0,0,-1,1
303184,0,0,0,0
316720,0,0,-1,1
401043,0,0,0,0
100428,0,0,0,0
112929,0,0,0,0
181973,0,0,0,0
265063,0,0,0,0
127373,0,0,0,0
135623,0,0,0,0
285178,0,0,-1,0
365219,0,0,-1,1
143816,0,0,0,1
354450,0,0,0,0
151682,0,1,-1,1
239508,0,1,-1,1
332913,0,0,-1,1
179504,0,0,0,0
406316,1,0,0,0
169861,1,0,0,0
216210,0,0,-1,1
203373,0,1,-1,1
384141,0,0,0,0
310133,1,0,0,0
452541,0,0,-1,1
245487,0,0,-1,1
380424,0,0,-1,0
153686,0,0,0,0
451922,0,1,-1,1
115516,0,0,-1,0
254734,0,0,-1,1
309050,0,0,0,1
366216,0,0,-1,1
435450,0,0,0,0
267092,0,0,0,0
300434,0,0,0,0
117544,0,0,0,0
100020,0,0,-1,0
182888,0,0,-1,1
318289,0,0,0,0
338596,0,0,0,1
224763,0,0,0,0
207325,0,0,0,0
162017,0,1,-1,1
287507,0,0,0,0
339287,0,1,-1,1
190529,0,0,0,0
102661,0,0,0,0
186367,0,0,0,0
376697,0,0,-1,1
199223,0,0,-1,0
344261,0,1,-1,1
197267,0,0,0,0
322807,0,0,0,0
372390,0,0,0,0
259065,0,0,0,0
363484,0,0,0,0
345584,0,0,0,0
344668,0,0,0,0
454379,0,0,0,0
432902,0,0,0,0
315187,0,0,-1,1
392675,0,0,0,1
324150,0,0,-1,1
195286,0,0,0,0
403078,0,0,0,0
374104,0,0,-1,1
150089,0,1,-1,1
263512,0,0,-1,0
226546,0,0,0,0
283777,0,0,0,0
410008,0,0,0,0
450594,0,0,-1,0
171323,0,0,0,0
266859,0,0,-1,1
335428,0,0,0,0
209702,1,0,-1,0
412620,0,0,0,0
437581,0,0,0,0
166381,0,0,0,0
415299,0,0,-1,0
427094,0,0,-1,1
445481,0,0,-1,1
343048,0,0,0,0
391727,0,0,0,0
103849,0,0,0,1
339860,0,0,0,0
328487,0,0,-1,1
259630,0,0,0,0
354788,0,0,-1,1
448668,0,0,0,0
395782,1,1,-1,1
111140,0,0,0,0
268362,0,0,0,0
346751,0,0,-1,1
328214,0,0,1,1
244480,0,0,-1,0
131308,0,0,0,0
263136,0,0,-1,1
451141,0,0,0,1
192582,0,0,-1,1
240785,0,0,0,0
338779,0,0,0,0
391250,0,0,0,0
289738,1,0,0,0
103978,0,0,0,0
281257,0,1,-1,1
367757,0,0,-1,1
288504,0,0,-1,1
396850,0,0,0,0
386862,1,0,0,0
449301,0,0,0,0
441218,0,0,0,0
318955,0,0,-1,0
193688,0,0,-1,0
152444,0,0,0,0
340101,0,0,-1,0
137985,0,0,0,0
129450,0,0,0,1
208936,0,0,0,0
361483,0,0,0,0
355535,0,0,-1,1
301221,0,0,-1,0
411968,0,0,0,0
139275,1,0,0,0
183018,0,0,-1,1
421222,0,0,-1,0
221923,0,0,0,0
312537,0,0,-1,0
310798,1,0,-1,1
387205,1,0,0,0
296099,0,1,-1,1
417649,0,0,0,0
153239,1,0,0,1
407607,0,0,0,0
259506,0,0,0,0
289534,0,0,-1,1
309709,0,0,0,0
270190,0,1,-1,1
320756,0,0,0,0
143366,0,1,-1,1
279207,0,0,-1,0
122157,0,1,-1,1
242993,0,0,-1,1
147417,0,0,-1,1
368020,1,0,1,1
100981,0,0,0,0
224308,0,0,0,0
363780,0,0,-1,1
363774,1,0,0,0
165162,0,0,0,0
289893,0,0,0,0
150091,0,0,-1,0
342736,0,0,0,0
291235,0,0,0,0
426361,0,0,-1,0
149521,0,0,0,0
350113,0,0,0,0
218068,0,0,-1,1
146602,0,0,-1,0
365930,0,0,-1,1
292689,0,0,0,0
377102,0,0,0,0
252839,0,1,-1,1
154776,0,0,0,0
386859,1,0,0,0
233157,0,1,-1,1
167261,0,0,0,0
255443,0,0,0,0
258749,0,0,-1,1
415396,0,0,-1,1
120749,0,0,-1,1
441469,0,0,0,0
168755,0,0,0,0
149905,0,0,0,0
212084,0,0,-1,1
185395,0,1,-1,1
169180,0,0,0,0
382481,0,0,0,0
449860,0,0,-1,0
308843,1,0,-1,1
421527,0,0,0,0
199033,0,0,0,0
416373,0,0,0,0
438161,0,1,-1,1
248277,0,0,-1,1
227667,0,0,0,0
372487,0,0,0,0
226142,0,0,0,0
214538,0,0,-1,1
285790,0,0,0,0
189354,0,0,0,0
168185,0,0,1,1
114470,0,1,-1,1
267593,0,0,0,0
175502,0,0,0,0
213541,0,1,-1,1
152490,0,0,0,0
404681,0,0,0,0
280734,0,0,0,0
174235,0,0,-1,1
384345,0,0,0,0
200774,0,0,0,0
187152,0,0,0,0
379431,0,0,0,0
341999,0,0,-1,1
188728,0,0,-1,1
230081,0,0,0,0
310319,0,0,0,0
225989,0,0,0,0
384518,0,0,0,0
235670,0,0,0,1
394407,0,0,-1,1
377986,1,0,0,0
203333,0,0,-1,1
205350,0,0,0,0
154278,0,0,0,0
355334,1,0,0,0
397757,0,0,0,0
200809,0,1,-1,1
271481,0,0,0,0
406442,0,0,-1,0
260263,0,0,0,0
223000,0,0,0,0
165357,0,0,0,0
386519,0,0,0,0
392553,0,0,0,0
324574,0,0,0,0
356736,0,0,-1,1
217203,0,0,-1,1
286701,0,0,0,0
144306,0,0,0,0
422505,0,1,-1,1
281842,0,0,0,0
319350,0,0,0,0
109627,0,0,0,0
326718,0,1,-1,1
444035,0,0,-1,0
111089,0,1,-1,1
405835,0,0,-1,1
382575,0,0,0,0
238622,0,0,0,1
163791,1,0,0,0
146294,0,0,0,1
313033,0,0,-1,1
161348,0,1,-1,1
306088,1,0,-1,1
271968,0,0,0,0
293633,0,0,0,1
436800,0,0,0,0
121818,0,0,-1,0
442930,0,0,-1,1
196629,0,0,0,1
384340,0,0,0,0
364935,1,0,0,0
359510,0,1,-1,1
339147,0,0,0,0
195465,0,0,0,0
148589,0,0,0,0
115593,1,0,0,0
186692,0,0,0,1
277781,0,0,0,0
231248,0,0,0,0
276933,0,0,-1,1
334683,1,0,0,0
274119,0,0,0,0
127186,0,0,0,0
108293,0,0,0,0
145672,1,0,-1,0
184346,0,0,0,0
285759,0,0,0,0
202533,0,0,0,0
107110,1,0,0,0
245299,0,0,-1,1
452729,0,0,0,0
379400,0,0,-1,1
385548,0,1,-1,1
427648,0,0,-1,0
159136,0,0,0,0
369013,0,0,0,0
385807,0,0,0,0
414946,0,0,0,0
365179,0,0,-1,1
348432,0,0,-1,1
114436,0,0,0,0
377999,0,0,-1,1
445630,0,0,-1,1
256420,0,0,0,0
277230,1,1,-1,1
126851,0,0,-1,1
220533,0,0,0,0
368028,0,0,0,0
436011,0,0,0,0
365507,0,0,0,0
410412,0,0,-1,1
430883,0,0,-1,1
396848,0,0,0,0
328008,0,0,0,1
106448,0,0,0,0
374094,0,1,-1,1
353644,0,0,0,0
348309,0,0,0,0
188761,0,0,-1,0
213200,1,0,0,0
187232,0,0,-1,0
256468,1,0,-1,1
101480,0,0,0,0
167803,0,0,0,0
108531,0,0,-1,0
307502,0,0,0,0
199802,0,0,0,0
316691,0,0,-1,1
204650,0,0,0,0
353066,0,0,0,0
257633,0,0,-1,1
348684,0,0,-1,1
409998,0,0,-1,0
243808,0,0,0,0
384733,0,0,0,0
366770,0,0,0,0
396743,0,0,1,1
268956,0,0,0,0
217854,0,0,0,0
144302,1,0,1,1
383822,0,0,0,0
312360,0,0,0,0
118534,0,0,1,1
340950,0,0,0,0
292716,0,0,0,1
231218,0,0,1,1
150355,0,1,-1,1
393758,0,0,0,0
418303,0,0,0,0
114623,0,0,0,0
193553,0,0,0,1
301928,1,0,0,0
433507,0,1,-1,1
315743,0,0,0,0
240003,0,0,-1,0
278989,0,0,0,0
208283,0,1,-1,1
285926,0,0,0,0
100994,0,0,0,0
316663,0,0,0,0
168853,0,0,0,1
109904,0,0,0,0
125421,0,1,-1,1
269353,1,0,0,0
441149,0,0,0,1
231010,0,0,-1,1
383281,0,0,-1,1
422418,0,0,-1,1
291962,0,0,0,1
194238,0,0,0,0
225485,0,0,0,0
218208,0,0,0,0
215274,0,0,0,0
334181,0,0,0,0
344151,1,0,0,0
359096,0,0,-1,1
354926,0,0,-1,0
416764,0,0,-1,1
345617,0,0,0,0
332653,0,0,-1,1
219299,0,0,0,0
259980,0,0,0,0
304261,0,0,-1,0
304735,0,0,-1,1
214550,0,0,0,0
412029,0,0,0,0
253152,0,0,0,0
349809,0,0,-1,1
277931,0,0,-1,1
139906,0,0,-1,1
450128,0,0,0,0
284610,1,0,0,1
342506,0,0,0,0
304068,0,0,-1,1
158396,0,0,0,0
443323,0,0,-1,0
140012,0,0,0,0
285216,0,0,-1,0
379234,1,0,0,0
223420,0,0,-1,1
252090,1,0,-1,1
163443,0,0,0,0
374947,0,0,0,0
396679,0,0,0,0
346512,0,0,-1,0
118250,1,0,0,0
261638,0,0,0,0
446493,0,0,-1,0
220441,1,1,-1,1
264326,0,0,0,0
219660,1,0,-1,1
237568,0,0,-1,0
277383,1,0,0,0
219281,0,0,-1,1
177140,0,0,-1,1
234347,0,0,0,0
150096,0,0,-1,0
191718,0,0,0,0
141459,1,1,-1,1
454633,0,0,0,0
310152,1,0,0,0
294294,0,0,0,0
330462,0,0,-1,1
231599,0,0,0,0
319074,0,1,-1,1
165809,1,0,-1,1
151397,0,0,-1,0
295357,0,0,0,0
100536,0,0,-1,1
343616,0,0,-1,1
305057,0,1,-1,1
303885,0,0,-1,1
377718,0,0,0,0
242911,0,0,0,0
283633,0,0,0,0
251757,0,0,0,0
263734,0,0,0,0
428216,1,1,-1,1
184449,1,0,0,0
218045,0,0,0,0
154204,0,0,0,0
382982,0,0,-1,1
155617,0,0,-1,0
364107,0,0,0,0
434184,0,0,0,0
158125,0,0,0,0
305627,0,0,0,0
224782,0,0,0,0
297512,0,0,-1,1
239511,0,0,0,0
129996,1,0,-1,1
248280,0,0,0,0
155745,0,0,0,0
204004,0,1,-1,1
338763,0,0,0,0
348160,0,0,-1,0
334022,0,0,0,0
325393,0,0,0,0
378490,0,0,0,0
355100,0,1,-1,1
409395,0,0,0,0
124527,0,0,0,0
406876,0,0,0,0
268873,0,0,-1,1
242505,0,0,0,1
210421,0,0,0,0
313452,1,0,0,0
310999,0,0,0,0
222478,0,1,-1,1
320536,0,0,0,0
147512,0,0,0,0
422449,0,0,-1,0
275636,0,0,0,0
172502,0,0,1,1
394035,0,0,0,0
284372,0,0,0,0
437032,0,0,0,0
352488,0,0,0,0
436030,0,0,0,0
405601,0,1,-1,1
340010,0,0,0,1
418026,0,0,0,0
371558,0,0,0,0
182392,0,0,-1,0
419607,0,1,-1,1
287956,0,0,0,0
198213,0,0,0,0
168183,0,0,-1,1
255005,0,1,-1,1
150992,0,0,0,0
293454,0,0,-1,1
210826,0,0,0,1
222731,0,0,0,0
257230,1,1,-1,1
240590,0,0,0,0
132991,0,0,0,0
310609,0,0,0,0
359991,0,0,0,0
192927,0,0,-1,1
113172,0,1,-1,1
290823,0,0,0,0
269308,0,0,-1,1
253960,0,0,0,0
241500,0,0,0,0
338722,0,0,0,0
290922,0,0,0,0
323932,0,0,-1,0
429738,0,0,0,0
353568,0,0,-1,0
418755,0,0,-1,0
331210,0,1,-1,1
207420,0,0,0,0
189315,0,0,-1,1
254583,0,0,0,0
342763,1,0,0,0
311922,0,0,0,0
355625,0,0,-1,1
169177,0,0,-1,1
229296,0,0,0,0
361542,0,0,0,0
269903,0,0,0,0
408328,0,0,0,0
222343,1,0,-1,1
210586,1,0,0,0
297528,0,0,-1,1
437700,0,0,0,0
188125,0,0,0,0
193863,0,1,-1,1
290002,0,0,0,0
204781,0,0,0,0
108638,0,0,-1,0
258667,0,1,-1,1
346229,0,0,0,0
316684,0,0,-1,0
125825,0,0,-1,1
159987,0,0,-1,1
258543,0,0,-1,1
241852,0,0,-1,1
259199,0,0,0,1
170195,0,0,-1,1
191895,0,0,0,0
269919,0,0,0,0
336563,0,0,0,0
292615,0,0,-1,1
204527,0,0,-1,1
404422,0,0,0,0
260304,0,0,-1,1
353622,0,0,-1,1
253512,0,0,0,0
187421,0,0,0,0
278068,0,0,0,0
121229,0,0,-1,1
260823,0,0,0,0
215312,0,0,0,0
430380,0,0,0,0
349294,0,0,-1,1
431178,0,0,0,0
290866,0,0,-1,1
321304,0,0,-1,0
298140,0,0,0,0
295428,0,0,0,0
330569,0,0,-1,1
332060,0,0,0,0
216422,0,0,0,0
270715,1,0,0,0
435218,0,0,0,0
261211,0,1,-1,1
436619,0,0,-1,1
241411,0,1,-1,1
233442,1,0,0,0
203844,0,0,0,0
168429,0,0,0,0
117290,0,0,0,0
276129,0,0,-1,0
400641,0,0,0,0
360951,0,0,-1,1
406815,0,0,0,0
344378,0,0,0,0
298386,0,0,0,1
383567,0,0,-1,1
175663,0,0,0,1
395562,0,0,0,0
141008,0,0,0,0
250926,0,0,-1,1
449266,0,0,0,0
299224,0,0,0,0
118890,0,1,-1,1
186297,0,0,0,0
176195,1,0,0,0
226111,0,0,0,0
178993,0,0,-1,0
104253,0,0,0,0
138485,0,0,0,0
402634,0,0,0,0
174108,0,0,0,0
211622,0,0,-1,1
452073,0,0,0,0
127732,1,1,-1,1
249429,0,0,-1,1
302402,0,0,0,0
283480,0,0,0,0
397538,0,0,-1,0
190207,0,0,0,1
444003,0,0,0,0
370281,0,0,-1,1
243349,0,0,0,0
168631,0,0,-1,0
125929,0,0,0,0
240498,0,0,-1,0
192902,0,0,0,0
281263,0,0,0,0
245384,0,0,0,0
419306,1,0,-1,1
241614,0,0,-1,1
231803,0,0,-1,0
277850,1,0,0,0
128334,0,0,0,1
112774,0,0,0,0
318727,0,0,-1,1
368049,0,1,-1,1
265351,0,0,-1,1
269368,1,0,0,1
331198,0,0,0,0
253524,0,0,-1,1
408322,0,0,-1,1
373450,0,0,-1,0
364841,1,1,-1,1
138256,0,0,-1,0
176877,0,0,0,0
445793,0,0,0,0
281836,0,0,0,0
404297,0,0,0,0
441623,0,0,0,1
358346,0,0,0,0
403066,0,0,1,1
339352,0,1,-1,1
441589,0,0,0,0
104532,0,0,0,0
204288,0,0,0,0
256932,0,0,0,0
317674,0,0,-1,1
246851,0,0,0,0
196023,0,1,-1,1
159959,0,1,-1,1
437582,0,0,0,0
292343,0,0,0,0
367444,0,0,-1,1
119152,0,0,0,0
150566,0,0,-1,0
311923,0,0,0,0
165151,0,0,0,0
400222,0,1,-1,1
173199,0,0,-1,1
379856,1,0,0,0
161747,1,0,0,0
392724,0,0,-1,0
326431,0,0,0,0
380957,0,0,0,0
348074,0,1,-1,1
317441,0,0,0,0
158250,0,0,-1,1
257211,0,0,0,0
131064,0,0,0,0
261924,0,0,0,0
115148,0,0,-1,1
105896,0,0,-1,1
145003,0,0,0,1
245349,0,0,-1,1
351089,0,0,0,1
418320,1,0,0,0
146403,1,0,0,0
391629,0,0,0,0
443966,0,0,0,0
269621,0,0,0,0
289563,0,1,-1,1
370861,0,0,0,0
270421,0,0,-1,0
250499,0,0,0,0
220550,0,0,0,0
185933,0,1,-1,1
104527,0,0,0,0
160383,0,0,0,0
272662,0,0,0,0
104573,0,0,-1,1
138542,0,1,-1,1
237389,0,0,0,0
124865,0,0,0,0
396298,0,0,0,0
405548,0,0,0,0
264192,0,1,-1,1
424982,0,0,0,0
417297,0,1,-1,1
219476,0,0,-1,1
311616,0,0,0,0
369420,0,0,0,0
415304,0,1,-1,1
258243,0,0,0,0
201625,0,0,0,0
399649,0,0,0,0
224457,0,0,0,0
419041,0,0,-1,1
190202,0,0,0,0
110992,1,0,0,0
456018,0,0,-1,1
370335,0,0,0,0
306310,0,0,-1,1
169886,0,0,0,1
211077,0,0,-1,0
318901,0,0,0,0
356071,0,0,0,0
278405,0,1,-1,1
107985,0,0,0,0
146999,0,0,0,0
266950,0,0,-1,1
208626,0,0,0,0
106227,0,0,0,0
410609,0,1,-1,1
183636,0,0,0,0
168231,0,0,-1,1
191107,0,0,0,0
149448,0,0,0,0
377958,0,0,-1,1
350153,0,0,0,0
429395,0,0,-1,0
175812,1,0,0,0
131669,0,0,0,0
114769,0,0,-1,1
454805,0,0,0,0
442357,0,0,0,0
203521,0,0,0,0
447779,1,0,0,0
247971,0,0,0,1
224367,0,0,0,0
144141,0,0,0,0
301361,0,0,-1,0
325667,0,0,-1,1
207514,0,0,-1,1
437642,0,0,0,0
153201,0,0,-1,1
237870,0,0,0,0
216967,0,1,-1,1
182913,0,0,0,0
362546,0,0,0,0
131342,0,0,0,0
304785,0,1,-1,1
426526,0,0,-1,1
367018,0,0,0,0
114726,0,0,0,0
330920,0,0,0,0
410943,0,0,0,0
290383,0,0,0,1
407116,0,1,-1,1
386892,0,0,0,0
353485,0,0,0,0
246174,0,0,-1,1
425719,0,0,-1,0
183024,0,1,-1,1
200418,0,1,-1,1
371142,0,0,0,1
454896,0,0,0,0
350753,0,0,0,0
454888,1,0,0,0
134048,1,0,0,0
145059,0,0,0,0
287657,0,0,0,0
280519,0,0,0,1
310232,0,0,-1,1
376408,0,1,-1,1
321703,0,0,0,1
283082,0,0,0,0
181685,0,0,0,0
395168,0,0,0,1
316871,0,0,0,0
256591,0,0,0,0
208305,0,1,-1,1
434822,0,0,0,0
128914,0,0,0,0
197095,0,0,-1,0
213379,0,0,0,0
246279,0,0,0,0
350687,0,0,0,0
440950,0,0,0,0
183578,0,0,-1,0
399532,0,0,0,0
170638,0,0,0,0
272389,0,0,0,0
356445,0,1,-1,1
354076,0,0,0,0
390799,0,0,0,0
109600,1,0,-1,1
412896,1,0,0,0
394083,0,0,-1,1
407803,0,0,0,0
338235,0,0,0,0
164185,1,0,-1,0
335474,0,0,-1,1
426807,0,0,0,0
253889,0,0,-1,0
236317,0,0,-1,1
169078,0,0,0,0
436823,0,1,-1,1
354605,0,0,0,0
455474,0,0,0,0
124345,0,0,-1,1
346493,0,0,-1,1
130669,0,0,0,0
215946,0,0,-1,1
173664,0,0,0,0
256056,0,0,0,0
370736,1,0,0,0
372951,0,1,-1,1
144235,0,0,-1,1
280514,0,0,0,0
455998,0,0,0,0
287408,1,0,0,0
274315,0,0,-1,1
366805,0,0,-1,1
217542,0,0,0,0
106483,0,0,0,1
318032,0,0,0,0
358329,0,0,0,0
380444,0,0,0,0
158022,1,0,-1,0
332411,0,0,-1,0
425798,0,0,-1,1
334551,0,0,-1,1
378373,1,0,0,0
442557,0,0,0,0
438696,0,0,-1,1
414135,0,1,-1,1
170793,0,0,-1,0
137603,0,0,0,0
398593,0,0,0,0
377284,0,0,0,0
336174,0,0,0,0
286395,0,1,-1,1
209722,0,0,0,1
377651,0,0,-1,1
279911,0,0,0,0
336478,0,0,-1,0
209935,0,0,-1,0
145384,0,0,0,0
317577,0,0,1,1
160506,0,0,-1,1
190275,0,0,-1,1
307085,0,0,0,0
215555,0,0,-1,0
238542,0,0,-1,0
333961,0,0,0,0
212297,0,0,-1,1
348499,0,0,-1,1
198011,1,1,-1,1
259091,0,0,0,0
368071,0,0,-1,0
107565,0,0,-1,0
435186,0,0,-1,1
295817,0,0,-1,1
216678,0,0,-1,1
130285,0,0,-1,1
430870,0,0,-1,0
387046,0,0,0,0
426080,0,0,0,0
336555,0,0,0,0
444542,0,0,0,0
128703,0,0,0,0
138975,0,0,0,0
182643,0,0,-1,0
272227,0,0,-1,1
355231,0,0,0,0
275748,0,0,0,0
289225,0,0,0,0
138630,0,1,-1,1
444736,0,0,-1,1
277316,0,0,0,0
207899,0,0,-1,1
138645,0,0,0,0
390907,0,1,-1,1
421852,0,0,0,0
157470,0,0,0,0
219255,1,0,-1,1
300907,0,0,0,0
110182,0,0,0,0
277155,0,0,0,0
150308,0,0,-1,1
302838,1,0,-1,1
201478,0,0,0,1
298854,0,0,-1,0
201897,0,0,-1,1
175117,0,1,-1,1
242872,0,0,0,0
172901,1,0,0,0
281368,0,0,0,0
265635,0,0,0,1
284746,0,0,0,0
383262,0,0,0,0
297131,0,0,0,0
386349,0,0,0,0
406998,1,0,0,0
170058,0,0,0,1
344548,0,0,0,0
231971,0,0,0,0
267533,0,0,0,0
377945,0,1,-1,1
407560,0,0,0,0
121716,0,1,-1,1
114778,0,0,0,0
394018,0,0,0,0
196776,1,1,-1,1
339469,0,0,-1,0
246952,0,0,0,0
326376,0,0,0,0
373399,0,0,-1,1
209477,1,0,0,0
256093,0,0,0,0
198180,0,0,-1,1
415998,0,0,0,0
234533,1,0,-1,1
283230,0,0,0,0
228448,0,0,0,1
286810,1,0,0,0
404131,0,0,-1,0
281693,0,0,0,0
316887,0,0,0,0
218110,0,0,0,0
226069,0,0,0,0
129565,0,0,0,0
290731,0,0,-1,0
402215,0,0,0,0
412981,0,0,-1,1
145901,0,0,-1,1
173582,0,0,0,0
120301,0,0,-1,1
358398,0,0,0,0
253454,0,0,0,0
152094,0,0,-1,1
100682,0,0,0,0
166182,0,0,0,0
132393,0,0,0,0
143895,0,0,-1,0
165925,0,1,-1,1
455475,0,0,-1,0
421039,0,0,0,1
166666,1,0,0,0
357553,0,0,0,0
338165,0,0,-1,1
172244,0,0,0,0
157707,0,0,-1,0
185434,0,0,0,0
348417,0,0,0,0
162701,0,0,0,0
446495,0,0,-1,1
449337,0,0,-1,0
217033,0,0,0,0
111939,0,0,0,1
103384,1,0,0,0
317017,0,0,0,0
346032,0,0,0,0
341461,1,0,-1,1
299124,0,0,0,0
214696,0,0,-1,1
326690,0,0,0,0
120822,0,1,-1,1
160622,0,0,0,0
369286,0,0,1,1
404773,1,0,-1,1
244437,0,0,0,0
194219,0,0,0,0
382776,0,0,-1,1
419553,0,0,-1,1
198848,0,0,0,0
246977,0,0,-1,1
348732,0,0,-1,1
302030,0,0,-1,0
203922,0,0,0,0
272344,0,0,-1,1
343042,0,0,-1,1
348166,0,0,1,1
183516,0,0,0,0
431262,0,0,0,0
306654,0,0,-1,1
281412,0,0,-1,1
249022,1,0,-1,0
368869,0,0,0,0
330054,0,0,-1,1
333949,0,0,0,0
291952,0,0,1,1
209481,0,0,-1,0
132052,0,0,-1,1
203083,0,0,-1,0
322853,0,0,0,0
320679,0,0,0,1
371589,0,0,0,0
149630,1,0,-1,0
271779,0,0,0,1
259294,0,0,-1,0
313743,0,1,-1,1
123390,0,0,0,0
321912,0,0,0,0
197591,0,0,-1,1
452977,0,0,-1,1
179302,0,0,0,0
234041,0,0,0,0
278437,0,0,0,0
137532,0,0,-1,1
237974,0,0,0,0
215996,0,0,-1,1
397700,0,0,0,0
382999,1,0,0,0
426517,0,0,-1,1
262516,0,0,0,0
262073,0,0,0,0
156394,0,0,0,0
355898,0,1,-1,1
439001,0,0,-1,0
104966,0,1,-1,1
270274,0,0,-1,1
253129,0,1,-1,1
275591,0,0,0,0
113911,0,0,0,0
432128,0,0,0,1
171333,0,0,-1,0
256728,0,0,-1,1
159092,0,0,0,0
298503,0,0,0,0
291699,0,0,0,0
398810,0,1,-1,1
252398,0,0,-1,1
217649,0,1,-1,1
196993,0,0,0,0
451448,0,0,0,0
171822,0,0,0,0
138010,0,0,-1,0
444537,0,0,0,0
181036,0,0,0,0
109838,0,0,-1,0
238745,0,0,0,0
258421,0,0,-1,0
107356,0,0,0,0
129807,0,0,-1,1
320080,0,0,0,0
444355,1,0,-1,1
434846,0,0,-1,1
411267,0,1,-1,1
269154,0,0,0,0
296411,0,0,0,0
408153,0,0,-1,0
143073,0,0,0,0
363557,0,0,0,0
129636,0,0,-1,1
196949,0,1,-1,1
160731,0,0,0,0
104619,0,0,0,0
210011,0,0,0,0
212583,0,0,0,0
284389,0,0,-1,0
251451,0,0,0,0
400727,0,0,-1,0
195535,1,0,0,0
424574,0,0,-1,1
240640,0,0,0,0
297775,0,0,-1,1
191252,0,0,-1,0
128786,0,0,0,0
131835,0,0,-1,1
385675,0,0,-1,1
414147,0,0,0,0
331845,0,0,0,0
182284,0,0,-1,1
261767,0,0,0,0
285071,0,0,0,0
425940,0,1,-1,1
417068,0,0,0,0
190571,0,0,0,0
219022,0,1,-1,1
378021,0,0,0,1
170852,0,0,0,0
363614,0,0,0,0
188264,0,0,0,0
172427,0,0,0,0
418016,0,0,-1,1
196255,0,0,0,0
393432,1,0,0,0
214755,0,0,0,0
445914,0,1,-1,1
193590,0,0,-1,1
278156,0,0,0,0
138567,0,0,-1,0
444817,0,0,0,0
261001,0,0,-1,0
388732,0,0,-1,1
212489,0,0,0,0
409292,0,0,0,0
363289,0,0,0,0
226068,0,0,0,0
255291,0,0,0,0
147098,0,0,0,0
288055,0,0,0,0
223434,0,0,0,0
179684,1,1,-1,1
132684,0,0,0,0
454235,0,0,-1,0
100949,0,0,0,0
292685,0,0,0,0
160345,0,0,-1,1
398356,0,0,-1,1
429889,0,0,0,0
349585,1,0,0,0
263125,1,0,0,0
114131,0,0,-1,0
217759,0,1,-1,1
249219,0,0,0,0
123337,0,1,-1,1
136361,0,0,-1,0
208647,0,0,0,0
314927,0,0,0,0
250072,0,0,-1,0
197570,0,0,-1,0
369933,0,0,0,0
122844,0,0,0,0
156261,0,0,0,0
407387,0,0,0,0
260864,0,0,-1,1
216224,0,0,-1,1
363921,0,0,-1,1
167745,0,0,0,0
216401,0,0,-1,0
238652,0,0,0,0
355606,0,0,-1,1
246965,0,0,-1,1
101119,0,0,-1,1
298411,0,0,0,0
186644,0,0,0,0
160063,0,0,0,0
337327,0,0,0,0
312560,0,1,-1,1
217348,0,0,0,0
109578,1,0,0,0
342331,0,0,-1,1
285936,0,0,0,1
389045,0,0,0,0
159431,0,0,-1,1
231222,0,0,0,0
271320,0,0,-1,1
329061,0,0,-1,1
199874,0,0,-1,0
324755,0,0,0,0
158317,0,0,0,0
421813,0,0,0,0
255369,0,0,0,0
420515,0,0,0,0
200605,0,0,0,0
220505,0,0,0,0
110972,0,1,-1,1
315491,0,0,0,0
167234,0,0,-1,0
154539,0,0,0,0
259631,0,0,0,0
218316,0,0,0,0
105362,0,0,0,0
333064,0,0,0,0
115855,0,0,-1,1
173848,0,0,0,0
248537,0,0,0,0
351111,1,1,-1,1
360235,0,0,0,0
262503,0,0,0,0
316773,0,0,0,1
352530,0,0,0,0
221559,0,0,0,1
353477,0,1,-1,1
387150,0,0,-1,0
365388,0,0,0,0
431049,0,0,-1,1
244368,0,0,0,0
220711,0,0,-1,1
340036,0,0,0,0
373187,0,0,0,0
291471,0,0,0,0
310959,0,0,0,0
260743,0,0,0,0
133428,0,0,0,0
161229,0,0,0,0
411682,0,0,-1,1
388546,0,0,0,0
307188,0,0,-1,0
177608,1,0,0,0
285659,0,0,0,0
272601,1,0,-1,1
221777,0,0,0,0
352193,0,0,-1,1
355151,0,0,-1,1
136378,0,0,0,1
319056,0,0,0,0
215425,0,1,-1,1
197819,0,0,0,0
278448,0,1,-1,1
280239,0,0,0,0
291613,0,0,0,0
217517,0,0,0,0
252883,0,1,-1,1
323054,0,0,0,0
159306,0,0,0,1
251337,0,0,0,0
142640,0,0,0,0
346757,0,1,-1,1
343596,0,0,0,0
205593,0,0,-1,1
253042,0,0,-1,0
198401,1,1,-1,1
221244,0,0,0,0
407565,1,0,0,0
342919,0,0,0,0
289106,0,0,0,0
203016,0,0,0,0
382523,1,0,0,0
438086,0,0,-1,1
278985,0,0,0,0
353686,0,0,0,0
401944,0,0,0,0
336011,0,0,-1,1
306106,0,0,0,0
169551,0,0,-1,1
300798,0,0,-1,1
137961,0,0,0,0
359926,0,0,0,0
161906,0,0,0,0
165768,0,0,0,0
409843,0,0,0,0
102515,0,0,0,0
210813,0,0,0,0
411071,0,1,-1,1
272080,0,0,0,0
335048,0,0,0,0
132427,0,0,0,0
433227,0,0,0,0
364943,0,0,0,0
229122,0,0,-1,1
223676,0,0,-1,1
264287,0,0,0,0
430384,0,0,-1,0
190738,0,0,0,0
411204,0,0,0,0
349475,0,0,0,0
362672,0,0,0,0
336130,0,0,0,0
377663,0,1,-1,1
302629,0,0,0,0
432928,0,0,0,0
168270,0,0,-1,1
101970,1,0,0,0
255689,0,0,-1,0
160024,0,0,0,0
200281,0,0,0,0
337216,1,0,0,0
155487,0,1,-1,1
137636,0,0,0,0
252140,0,0,-1,1
358545,0,0,0,0
225299,0,0,0,0
339296,0,0,0,0
203925,1,0,-1,1
190148,0,1,-1,1
275733,0,0,0,0
158380,0,0,0,0
110653,1,0,0,0
273672,0,0,0,0
382731,0,0,-1,0
334413,0,0,0,0
401632,0,0,-1,1
357989,1,0,-1,1
422255,0,0,0,0
213718,0,0,-1,0
340207,0,0,-1,1
153453,0,0,0,0
344259,0,0,0,0
137612,0,0,-1,1
428226,0,0,0,0
407823,0,0,0,0
244510,0,0,0,0
269095,0,0,0,0
241518,0,0,-1,1
163596,0,0,0,0
208309,0,0,0,0
420811,0,0,0,0
449326,0,0,0,0
355110,1,0,0,0
310303,0,0,-1,1
108290,0,0,0,0
306190,0,0,0,0
394420,0,1,-1,1
284928,0,0,0,0
443067,0,0,0,0
331744,0,0,0,0
328627,0,0,0,0
421370,0,0,0,1
261748,0,0,-1,0
270967,0,0,0,0
127602,0,0,0,0
141953,0,0,0,0
218233,0,0,-1,1
422672,0,0,0,0
146397,0,0,0,0
129786,0,0,0,0
375422,0,1,-1,1
147528,0,0,0,1
317063,0,1,-1,1
305530,0,0,-1,1
367936,0,0,-1,0
166083,0,0,-1,0
451298,0,0,0,0
295391,0,0,0,0
378984,0,0,-1,0
201225,0,0,0,0
194704,0,0,-1,0
128550,0,0,-1,0
121942,0,1,-1,1
156266,1,0,0,0
313105,0,0,-1,1
225414,0,0,0,0
145376,0,0,0,0
338803,0,0,0,0
143960,0,0,0,0
349010,0,0,0,0
402405,0,0,-1,1
105334,0,0,0,0
386011,0,0,-1,0
346366,0,0,0,0
317794,0,0,0,0
230125,0,0,0,0
315987,0,0,0,0
265306,0,0,0,0
299114,0,0,0,0
116414,0,0,0,0
250933,0,0,0,0
331296,0,0,-1,1
354343,0,0,-1,0
308849,0,0,0,0
193698,0,0,0,0
437543,0,0,-1,1
423253,1,0,0,0
228807,0,0,0,0
341180,0,0,0,0
259257,0,1,-1,1
365856,0,0,0,0
398370,0,0,0,0
395115,0,0,-1,1
436179,0,0,-1,1
122680,0,0,0,0
338307,0,0,0,0
145228,0,0,-1,1
253936,0,0,0,0
295682,0,0,1,1
120705,0,0,1,1
256011,0,0,-1,1
376559,0,1,-1,1
214822,0,0,0,0
377911,0,0,0,0
142525,0,0,-1,0
266002,0,0,0,0
445409,0,0,0,0
192906,1,0,-1,1
104805,0,0,0,0
154553,0,1,-1,1
151318,0,0,0,0
178893,0,0,-1,1
279350,0,0,0,0
297961,0,0,-1,1
430751,0,0,0,0
186361,0,0,-1,1
342081,1,1,-1,1
235019,0,0,0,0
260677,0,0,0,0
305618,0,0,0,0
395080,0,1,-1,1
143078,0,0,0,0
317180,0,0,0,0
226951,0,0,0,0
358113,0,0,0,0
271727,0,0,-1,1
213011,0,0,0,0
193687,0,0,0,0
103435,0,0,0,0
268751,0,0,0,0
274254,0,0,0,0
389557,0,0,0,0
326552,0,0,-1,1
302986,0,0,0,0
219683,0,0,0,0
229034,0,0,-1,1
245547,0,0,0,0
440231,0,0,0,0
198797,1,0,0,0
271121,0,0,0,0
272423,0,0,-1,0
254166,0,0,-1,1
318961,0,0,0,0
210855,0,0,-1,0
308579,0,0,-1,1
401688,0,0,0,0
119153,0,0,-1,0
186039,0,1,-1,1
348675,0,0,0,1
309894,0,0,-1,1
428677,0,0,0,0
269617,0,0,0,0
360194,0,0,0,0
141921,0,0,0,0
293296,0,0,0,1
138757,0,0,-1,0
196259,0,0,-1,1
133835,0,0,-1,1
132623,0,0,-1,0
332048,0,0,0,0
178280,0,0,-1,0
256865,0,0,0,0
260606,0,0,-1,1
195398,0,1,-1,1
226550,0,0,0,0
300047,0,0,0,0
315675,0,0,-1,0
312018,0,0,0,0
267560,0,0,-1,0
323096,0,0,0,0
233560,0,0,0,0
397791,0,0,0,0
355653,0,0,-1,0
147701,0,1,-1,1
234321,0,0,-1,0
396720,0,0,0,1
221188,0,1,-1,1
223245,0,0,-1,0
229235,1,0,0,1
109492,0,1,-1,1
207122,0,0,-1,1
218594,0,0,0,0
163871,0,0,-1,0
340147,0,0,-1,0
377227,0,0,0,0
192047,0,0,0,0
401026,0,0,0,0
101083,0,0,0,0
395682,0,0,-1,1
152691,0,0,-1,1
408614,0,0,1,1
125028,0,0,-1,0
342402,0,0,-1,1
219459,0,0,-1,1
303523,0,0,0,0
110536,0,0,0,0
420668,0,0,-1,0
145461,0,0,0,0
423865,1,1,-1,1
388547,0,0,0,0
359010,0,1,-1,1
234964,0,0,0,1
252666,0,0,0,0
426116,0,0,-1,1
261466,0,1,-1,1
391332,0,0,0,0
171714,0,0,0,0
371721,0,0,0,1
222666,0,0,0,0
206154,0,0,0,0
213047,0,0,0,0
438854,0,0,0,1
450193,0,0,-1,0
384553,0,1,-1,1
161108,0,0,0,0
139430,1,0,0,0
162107,0,0,-1,1
449325,0,0,-1,0
417284,0,0,0,0
326000,0,0,0,0
242588,0,0,-1,0
172180,0,0,0,0
455308,0,0,0,0
104223,0,0,0,0
335705,0,1,-1,1
140806,0,0,0,0
441253,0,0,-1,1
423633,0,0,0,0
301700,0,0,0,0
403270,0,1,-1,1
122083,0,0,0,0
264261,0,0,-1,1
443151,1,0,0,0
349807,0,1,-1,1
138032,0,0,0,0
286116,0,0,0,0
274567,0,0,-1,1
429906,0,1,-1,1
377913,0,0,0,0
435367,0,0,0,0
114963,0,0,-1,1
400323,0,0,0,0
382500,0,0,0,0
252794,0,0,0,0
207674,0,0,0,0
435331,0,0,0,0
442773,0,0,0,0
363172,0,0,-1,0
360575,0,0,0,1
224695,0,0,0,0
368970,0,0,0,0
426883,1,0,0,0
350678,0,1,-1,1
414722,0,0,0,0
127711,0,0,0,0
181741,0,0,0,0
310845,0,0,0,0
343915,0,0,0,0
368437,0,0,-1,1
404761,0,0,0,0
371133,0,0,-1,1
364939,1,0,0,0
291478,0,0,-1,1
178923,0,0,-1,1
314845,0,0,-1,1
241701,0,0,-1,1
279158,0,0,-1,1
336303,0,0,0,0
351650,0,0,-1,1
366379,1,1,-1,1
130341,0,0,-1,1
135486,0,0,0,0
375881,0,1,-1,1
240333,0,0,-1,1
171845,0,0,-1,1
389979,0,0,0,0
303496,0,0,-1,1
313769,0,0,0,0
271688,0,0,0,0
417135,0,0,-1,0
454693,1,0,0,1
146019,0,0,0,0
360409,0,0,0,0
153376,0,0,0,0
228787,0,0,0,0
171908,0,1,-1,1
276220,0,0,0,0
437088,0,0,0,0
271131,0,0,0,1
276646,0,0,0,0
325032,0,0,0,0
395817,0,0,0,1
219467,0,0,-1,0
417728,0,1,-1,1
429681,0,0,-1,0
297235,0,0,0,0
351309,0,0,-1,1
182283,0,0,-1,0
419216,0,0,0,0
152000,0,0,0,0
152347,0,0,0,0
119357,1,0,-1,1
391416,0,0,-1,1
395229,0,0,0,0
167511,1,1,-1,1
320382,0,1,-1,1
312359,0,0,0,0
454025,0,0,-1,1
253337,0,0,0,0
277234,1,1,-1,1
265281,0,0,0,0
195701,0,1,-1,1
345208,0,0,0,0
370849,0,0,0,0
102217,1,1,-1,1
211920,0,0,0,0
241824,1,1,-1,1
218861,0,0,-1,0
252955,1,0,0,0
330335,0,0,0,0
157110,0,0,-1,1
317780,0,0,0,0
453902,0,0,-1,1
246549,0,0,-1,1
379232,0,1,-1,1
418099,0,0,0,0
301167,0,0,0,0
217640,0,0,0,0
238248,0,1,-1,1
204872,0,0,0,1
305126,0,0,-1,1
190115,0,0,1,1
229669,0,0,-1,1
310011,0,0,0,0
453055,0,0,-1,1
231919,0,0,-1,0
347118,0,0,0,0
236135,0,0,0,0
310395,1,0,0,0
302913,0,0,0,0
355748,1,0,0,0
152165,0,0,0,0
287891,0,0,-1,1
157355,0,0,-1,1
315070,1,0,0,0
306131,0,0,0,0
448088,0,0,0,0
358552,0,0,0,0
448562,0,0,0,0
129098,0,0,-1,1
281895,0,0,0,0
178279,0,0,-1,1
154360,0,0,1,1
389197,0,0,0,0
148562,0,0,-1,0
258675,0,0,-1,1
281408,0,0,0,0
245673,0,0,0,0
153813,0,1,-1,1
219722,0,0,-1,1
135671,0,0,0,0
269323,0,0,0,0
438545,0,0,0,0
239643,0,1,-1,1
303237,0,0,-1,1
285969,0,0,0,0
298409,0,0,0,0
245300,0,0,-1,1
320055,0,0,0,0
117127,0,0,-1,1
429175,0,0,0,0
117241,0,0,-1,0
201340,0,0,0,0
270308,0,0,0,0
130884,0,0,0,0
218396,0,0,0,0
309628,0,0,-1,1
215759,0,0,0,0
306385,0,0,0,0
381544,0,0,-1,1
122100,0,1,-1,1
134221,0,0,0,0
172766,1,0,0,0
328597,0,1,-1,1
122613,0,0,0,0
352984,0,0,-1,0
100805,0,0,0,0
283364,0,0,-1,0
377295,0,0,-1,1
383902,0,1,-1,1
328923,0,0,-1,1
334451,0,0,-1,0
405452,1,0,0,0
282032,0,0,-1,1
185882,0,0,0,0
386584,0,0,0,0
194894,0,0,0,0
350345,0,0,0,0
267838,0,0,0,0
309067,0,0,-1,1
302376,0,0,0,1
377304,0,1,-1,1
119936,0,0,0,0
308835,0,0,0,1
194953,0,0,-1,1
219288,0,0,-1,1
292510,0,0,-1,0
367278,0,0,0,0
238058,0,0,0,0
443245,0,0,0,0
213696,0,1,-1,1
391697,0,0,-1,1
326663,0,0,-1,1
336853,0,1,-1,1
147295,0,0,0,0
204379,0,0,0,0
199170,0,0,0,0
260163,0,0,0,0
285331,0,0,0,0
126829,0,0,0,0
241238,0,0,-1,1
428182,0,0,0,0
255928,0,1,-1,1
223301,0,0,-1,1
137495,0,0,0,0
383479,0,0,-1,1
222754,0,0,0,0
364504,0,0,0,0
391754,0,0,-1,0
145274,0,0,-1,0
222363,0,0,0,0
240553,0,0,0,0
352209,1,0,0,0
219513,1,0,0,0
308970,0,0,-1,1
435481,0,0,0,0
142324,0,1,-1,1
445650,0,0,-1,1
403045,0,1,-1,1
321319,0,0,-1,1
266991,0,0,0,0
414955,0,0,0,1
183070,0,0,-1,1
259778,0,0,0,0
124459,0,0,0,0
362717,0,0,0,0
143886,0,0,0,0
154436,0,0,-1,0
128540,0,0,0,0
302857,0,0,0,0
264081,0,1,-1,1
287345,0,0,0,0
197027,0,0,0,0
183557,0,0,0,0
110382,0,0,0,0
167034,0,0,-1,0
104790,0,0,0,0
181857,0,0,-1,1
283918,0,1,-1,1
308913,0,0,0,0
233669,0,0,0,0
327234,0,0,0,0
134507,0,0,0,0
152718,1,0,0,0
116200,0,0,0,0
232826,0,0,0,0
217515,1,0,0,0
387235,0,0,-1,1
237941,1,0,-1,0
398372,0,0,0,0
370991,0,0,0,0
341246,0,1,-1,1
196779,0,0,0,0
231046,0,0,0,0
391044,0,0,0,0
448159,0,0,0,0
428657,1,0,0,0
184756,0,0,0,1
165116,0,0,0,1
179453,0,0,0,0
147949,0,0,-1,1
205702,1,1,-1,1
148114,0,0,0,1
450596,0,0,0,0
152513,0,0,0,0
263266,0,0,0,0
145628,1,0,0,0
143356,0,0,0,0
272625,0,0,0,0
331906,0,0,0,0
437139,0,0,0,1
196338,0,0,0,0
409644,0,1,-1,1
335746,0,0,0,0
255993,0,0,0,0
143069,0,1,-1,1
262736,0,0,0,0
322808,0,0,0,0
433988,0,0,0,1
433514,0,0,-1,1
391112,0,0,-1,0
277873,0,1,-1,1
106559,0,0,0,0
154228,0,1,-1,1
224644,0,0,0,1
206090,0,0,0,0
383217,1,0,0,0
348433,1,0,-1,1
421797,0,0,0,0
437638,0,0,-1,1
389912,0,0,-1,1
370089,0,0,0,0
126544,0,0,0,1
183522,0,0,0,0
146445,0,0,0,0
255132,0,0,0,0
314244,0,0,0,0
246330,0,0,0,0
148178,0,0,0,1
204327,0,1,-1,1
139983,0,0,0,0
419675,0,0,0,0
218062,0,0,0,0
174401,0,0,0,0
317309,0,0,-1,1
328996,1,0,0,1
409424,0,0,0,0
248354,0,0,-1,1
100968,0,0,-1,0
330323,0,0,-1,1
276379,1,0,0,0
118637,0,0,-1,1
445968,0,0,0,0
158934,0,0,0,0
206083,0,0,-1,0
430723,0,0,0,0
254177,0,0,-1,0
137643,0,0,0,0
417595,1,0,0,0
437207,0,0,-1,0
393169,0,0,-1,0
421298,1,0,0,0
192287,0,0,0,0
358410,0,1,-1,1
229754,0,0,0,0
429468,0,0,0,0
248119,0,0,0,0
430634,0,0,0,0
415922,1,0,0,0
114843,1,0,0,0
347336,0,0,0,0
243961,0,0,0,0
351517,0,0,0,0
344993,0,0,0,0
210585,0,0,0,0
280920,0,0,0,0
454134,0,0,0,0
153806,1,0,-1,1
384814,1,0,0,0
412224,0,0,0,0
394014,0,0,-1,1
173598,0,0,-1,1
306482,0,0,0,0
364200,0,1,-1,1
341894,0,0,0,0
261091,0,0,0,0
218308,0,0,0,0
158163,0,1,-1,1
392722,0,0,0,0
250872,0,0,0,1
446191,0,0,0,0
156483,0,0,0,0
139877,0,0,-1,1
333212,0,0,-1,1
447166,0,0,0,0
159260,0,0,-1,1
330377,0,0,-1,0
320127,1,0,-1,1
275596,0,0,0,0
189178,0,0,-1,1
430328,0,0,0,0
442131,0,0,0,0
100988,0,0,0,0
225968,0,0,0,0
232694,0,0,0,0
394394,0,0,-1,0
205292,1,0,0,0
133233,0,0,0,1
186831,0,0,0,0
114043,0,0,0,0
432677,0,1,-1,1
344657,0,0,0,0
434297,0,0,-1,1
325687,0,0,-1,1
431326,0,0,0,0
268882,0,0,-1,0
117414,0,0,-1,1
257834,0,0,-1,0
280291,0,0,0,0
406317,0,0,0,0
166808,0,0,-1,0
427595,0,0,-1,1
301130,0,0,-1,1
175638,0,1,-1,1
406184,0,0,-1,1
285625,0,0,0,0
225615,0,0,-1,0
454294,0,0,0,0
181878,0,0,-1,1
336245,0,0,0,0
161102,0,0,-1,0
120693,0,1,-1,1
149968,0,0,0,0
206683,0,0,-1,0
434402,0,0,0,0
167327,0,0,-1,1
268940,0,0,0,0
368673,0,0,-1,1
416149,0,0,-1,0
325975,1,0,0,0
227273,1,1,-1,1
156796,0,1,-1,1
192204,0,0,0,0
127307,1,0,0,0
402034,0,0,0,0
268973,0,0,0,1
118159,0,0,-1,1
100630,0,0,0,1
162624,0,0,0,0
174580,0,0,-1,1
205420,0,1,-1,1
162352,0,1,-1,1
217237,0,0,-1,0
414419,0,0,0,0
248083,0,0,-1,1
185075,0,0,0,0
108277,0,0,0,1
180523,0,1,-1,1
265059,0,0,-1,1
319692,0,0,0,0
130796,1,0,-1,1
337835,0,0,0,0
170418,0,0,0,0
335927,0,0,-1,1
446364,0,0,0,0
107025,0,0,0,0
245581,0,0,0,0
272045,0,0,-1,1
259564,0,0,-1,1
101853,0,0,0,0
303987,0,1,-1,1
237520,0,0,-1,0
348611,0,0,0,0
170851,1,0,-1,1
169109,0,1,-1,1
292684,0,1,-1,1
260385,0,0,0,0
381297,1,0,0,1
130393,0,0,-1,1
149111,0,0,0,0
190867,0,0,0,0
301716,0,0,-1,1
447423,0,0,0,0
187887,0,1,-1,1
107857,0,0,0,0
344742,1,0,0,0
304974,0,0,-1,0
353072,0,0,0,0
411803,0,0,0,0
338413,0,0,0,0
393465,0,0,0,0
454219,1,0,-1,0
338144,0,0,-1,0
419449,0,0,0,0
189786,0,0,0,0
421789,0,0,0,0
453368,0,0,-1,0
386435,0,0,0,1
241364,0,0,0,0
242431,0,1,-1,1
205421,0,0,0,1
200600,0,0,0,0
412828,1,0,0,0
184676,0,0,-1,1
450292,0,0,-1,1
359286,0,0,-1,0
443109,0,0,0,0
249968,0,0,-1,0
386931,0,0,-1,1
277089,0,0,0,0
172258,0,0,-1,1
187679,0,0,0,0
206607,1,0,-1,1
306255,0,0,0,0
117756,0,0,0,0
148281,0,0,0,0
158864,0,0,-1,1
203224,0,0,0,0
146205,0,0,0,0
327529,0,1,-1,1
310188,0,0,0,0
415420,0,1,-1,1
343026,0,0,-1,1
190088,0,1,-1,1
126818,0,0,-1,1
300124,0,0,-1,0
129394,0,0,0,0
420964,0,0,0,0
423921,0,0,0,0
330512,0,0,0,0
365825,0,0,0,0
363219,0,0,0,0
132501,1,0,-1,0
225441,0,0,0,0
453249,0,0,-1,1
294750,0,0,0,0
130780,0,0,0,0
211677,0,0,-1,0
350790,0,0,-1,1
394754,0,1,-1,1
253847,0,0,0,0
195350,0,0,0,0
328842,0,0,-1,1
206060,0,0,0,0
135608,0,0,0,0
452198,0,0,-1,1
370698,0,0,0,0
229648,0,0,0,0
327125,0,0,0,0
121736,0,0,0,0
430184,0,0,-1,1
304646,0,0,0,0
429995,0,0,0,0
447636,1,0,-1,1
288098,0,0,0,0
313195,0,1,-1,1
177894,1,0,-1,1
153694,0,0,-1,1
216177,0,0,-1,1
112691,0,0,0,0
151319,0,0,0,0
370717,0,0,1,1
326961,0,0,-1,0
389851,0,0,-1,0
444895,0,1,-1,1
335376,0,0,0,0
448547,0,0,-1,1
284493,0,0,0,0
193313,0,0,0,0
145068,0,0,0,0
283614,0,0,-1,1
202398,0,0,-1,0
177640,0,0,0,0
240143,1,0,-1,0
367121,0,0,0,0
321268,1,0,-1,1
322741,0,0,0,0
320877,0,0,-1,1
455197,0,0,0,0
346389,0,0,-1,1
138860,0,0,-1,1
300376,1,0,-1,1
303603,0,0,0,0
382787,0,1,-1,1
454141,0,0,0,0
336833,0,1,-1,1
404350,0,1,-1,1
309583,0,0,0,1
278407,0,0,0,0
266593,0,0,-1,1
223811,1,0,-1,1
420231,0,0,-1,1
380181,0,0,-1,1
264653,0,0,-1,1
363190,0,0,0,0
312351,0,0,0,0
388690,0,1,-1,1
413347,0,0,0,0
320186,0,0,0,0
114216,0,0,0,0
143722,0,1,-1,1
443994,0,0,-1,1
450511,0,0,-1,1
363527,0,0,-1,1
200073,0,0,0,1
124373,0,0,-1,1
237797,0,0,0,0
452779,0,0,0,0
261524,0,0,0,0
430117,0,0,0,0
283081,0,1,-1,1
320318,0,0,0,0
231428,0,0,-1,1
201983,0,0,0,0
278212,0,0,0,0
291767,0,0,0,0
213003,0,0,0,0
307852,0,0,1,1
282445,0,0,-1,1
270106,0,0,0,0
399311,1,1,-1,1
210705,0,0,-1,1
297208,0,0,0,0
302453,0,0,0,0
423312,0,0,-1,0
319094,0,0,-1,0
302523,0,0,0,0
413497,0,0,0,0
376300,0,0,0,1
228387,0,0,-1,1
336659,0,0,0,0
176138,0,0,1,1
241332,0,0,-1,1
189973,1,0,0,0
321023,0,0,0,0
375570,0,0,0,0
361350,0,0,0,0
444857,1,0,0,0
330398,0,0,0,0
191550,0,0,-1,1
170322,0,0,-1,1
108488,0,0,-1,0
316827,0,0,0,0
336336,0,0,0,0
357327,0,0,0,0
113707,0,0,-1,0
191901,0,0,0,0
162494,0,0,0,0
293137,0,0,0,0
265076,0,0,0,0
160482,0,0,-1,1
379703,0,0,-1,1
244582,1,1,-1,1
332563,0,0,-1,1
448748,0,0,0,0
360272,0,0,-1,0
138952,0,0,0,0
281370,1,0,0,0
261304,0,0,0,0
157842,0,0,0,0
405358,0,0,0,0
191793,0,0,1,1
402874,0,0,0,0
349564,0,0,0,0
184955,0,0,-1,0
147279,0,0,1,1
131507,0,0,0,1
451802,0,0,0,0
241150,0,0,0,0
424801,1,0,-1,1
126615,0,0,0,0
144476,0,0,0,0
235475,0,0,0,0
121118,0,0,0,1
159529,0,0,-1,1
104438,0,0,0,0
222403,0,0,-1,1
204722,0,0,-1,1
343340,0,1,-1,1
126914,0,0,0,0
297653,0,0,0,0
406374,0,0,-1,1
345951,0,0,0,0
170210,0,0,0,0
216959,0,0,0,0
264864,0,0,-1,1
153543,0,0,0,0
154464,0,0,0,0
335892,0,0,-1,1
424201,0,1,-1,1
269868,0,0,-1,1
120484,0,0,0,0
178079,0,0,0,1
343651,0,0,-1,1
385086,0,0,-1,1
437629,0,0,0,0
180821,0,1,-1,1
382175,0,0,0,0
368407,0,0,-1,1
396604,0,1,-1,1
309027,0,1,-1,1
230516,1,0,-1,0
265655,0,0,-1,1
187580,0,0,-1,1
322860,0,0,0,0
323435,0,0,0,0
295962,0,1,-1,1
300053,0,0,-1,1
102653,0,0,-1,1
392066,0,1,-1,1
141355,0,0,-1,0
175805,0,0,0,1
189611,1,0,1,1
184810,0,0,0,0
121000,0,0,0,0
332393,0,0,0,0
231944,0,0,-1,1
277373,0,0,-1,1
432102,0,0,0,0
414993,0,0,0,0
322588,1,1,-1,1
264939,0,0,0,1
379836,0,0,0,0
331123,0,0,0,0
202146,0,0,-1,1
447058,0,0,1,1
164742,1,0,0,0
227230,0,0,0,0
183429,0,0,0,0
143702,0,0,1,1
192633,0,1,-1,1
447242,0,0,-1,0
435855,0,0,0,0
294981,0,0,-1,1
358839,0,0,0,1
137794,0,0,-1,0
401390,0,1,-1,1
298160,0,1,-1,1
111829,0,0,0,0
342594,0,1,-1,1
292076,0,0,-1,1
162224,0,0,-1,0
123407,0,0,0,0
185446,0,0,0,0
260404,0,0,0,0
216084,0,0,0,0
232727,0,0,0,0
338057,0,0,0,0
158624,0,0,0,1
335810,0,0,-1,0
155209,0,1,-1,1
454047,0,0,0,0
304648,0,0,-1,1
145775,0,0,0,0
175882,0,0,0,0
341549,0,0,0,0
176979,0,0,0,0
390420,0,0,0,0
277214,1,0,0,0
450088,0,0,0,0
202131,0,0,-1,0
170543,0,0,-1,1
452050,0,0,-1,1
394387,0,0,-1,1
307128,1,0,0,0
170747,0,0,-1,1
106372,0,0,0,0
137467,0,0,0,0
388061,0,0,0,0
215872,0,0,-1,0
256845,0,0,0,0
191776,0,0,0,1
292635,1,0,0,0
410233,0,0,-1,0
261982,0,0,0,0
419747,0,0,-1,1
265290,0,1,-1,1
153977,0,0,0,0
237309,0,0,0,0
302485,0,0,0,0
151056,0,0,0,0
294174,0,0,0,0
448067,0,0,0,0
427378,0,1,-1,1
221340,0,0,0,0
333313,0,0,-1,1
355159,0,0,-1,0
369756,0,0,0,0
143182,0,0,0,0
224930,0,0,-1,1
273076,0,1,-1,1
433034,0,0,0,0
167827,0,0,0,1
180705,0,0,0,0
137348,0,0,0,0
112415,0,0,0,0
310154,0,0,-1,1
446997,0,0,0,0
108270,0,0,-1,0
158538,0,0,-1,0
214352,0,0,-1,1
367984,0,0,0,0
190620,0,1,-1,1
139311,0,0,0,0
113612,0,0,0,1
383699,0,0,0,0
294823,0,1,-1,1
186035,0,0,-1,1
101179,0,0,-1,1
143526,1,0,0,0
403593,0,0,0,0
428547,0,1,-1,1
139688,0,0,0,0
153911,0,0,-1,1
440149,0,0,0,0
344473,0,0,0,0
363051,0,0,0,0
253192,0,0,0,0
392561,0,0,0,0
216400,0,0,-1,1
348652,0,0,-1,0
207267,0,0,0,0
450348,0,0,-1,0
315247,0,0,0,0
148469,1,0,0,0
217241,0,0,0,0
323349,0,0,0,0
421918,0,0,-1,1
450804,0,0,-1,1
202542,0,0,0,0
125282,0,0,0,0
250572,0,0,0,0
348016,0,0,0,0
241084,0,0,0,0
303241,0,1,-1,1
137703,0,0,-1,1
246286,0,0,0,0
101195,0,0,0,0
158957,0,0,0,0
340888,0,0,0,0
284229,0,0,-1,1
431781,0,0,0,0
115987,0,0,0,0
139396,0,0,-1,0
234268,0,0,0,0
213049,0,0,0,0
140796,0,0,0,0
309936,0,0,-1,0
215216,0,0,0,0
409546,0,0,0,0
411580,0,0,0,0
348227,0,0,0,0
350885,0,0,-1,0
231596,1,0,0,0
366574,0,0,0,0
442806,0,0,0,0
136720,0,0,0,0
124923,1,1,-1,1
206561,0,0,-1,1
106517,0,0,-1,0
437136,0,0,0,0
344253,0,0,0,0
145329,1,0,0,0
312851,0,0,-1,1
129252,0,0,0,0
287418,1,0,-1,1
309046,0,0,0,0
342676,1,0,0,0
402942,1,0,0,0
394938,0,0,0,1
157701,1,0,0,0
192985,0,0,-1,1
360437,0,0,-1,1
171070,0,0,0,0
376368,0,0,-1,1
319008,0,0,-1,1
184199,0,0,0,0
338666,0,0,0,0
152060,0,0,0,0
168260,0,0,0,0
324820,0,0,0,0
382686,0,0,0,0
362133,0,0,0,1
452653,0,0,0,0
267406,0,0,0,0
135234,0,0,-1,1
316161,0,0,0,0
186259,0,0,-1,1
372189,1,0,0,0
419731,0,0,0,0
347828,0,0,0,0
294343,0,1,-1,1
439034,0,0,0,0
324970,0,1,-1,1
184047,0,0,0,0
298197,0,0,0,0
254758,0,0,-1,0
183987,0,0,0,0
261364,0,0,-1,1
227623,0,0,0,0
190426,1,0,0,0
108169,0,1,-1,1
371706,0,0,0,0
169480,0,1,-1,1
451945,0,0,0,0
132244,0,0,-1,1
435946,0,0,0,0
180060,0,1,-1,1
385058,0,1,-1,1
254055,0,1,-1,1
348923,0,0,0,0
334134,0,0,0,0
184611,0,0,0,0
215236,0,1,-1,1
180125,0,0,0,0
435747,0,0,0,0
448506,0,0,-1,0
123329,0,0,0,0
295780,0,1,-1,1
226504,0,0,0,0
113218,0,0,0,0
167107,0,0,1,1
252482,0,0,0,0
295463,0,0,0,0
210753,0,1,-1,1
350317,1,0,0,0
329933,0,0,0,0
160550,0,1,-1,1
292475,0,0,-1,1
328692,1,0,0,0
352564,0,0,-1,1
190770,0,0,0,0
118385,1,0,0,0
291442,0,0,-1,1
232234,0,0,-1,1
347617,0,0,-1,1
427306,1,0,0,0
392051,0,0,-1,1
346448,0,1,-1,1
291745,0,1,-1,1
196006,0,0,-1,1
174568,0,0,0,0
315384,0,0,0,1
342179,0,1,-1,1
147802,0,0,0,0
169667,0,0,0,0
445560,0,0,-1,1
153887,0,0,-1,0
387280,0,0,0,0
328364,0,0,0,0
155465,0,0,-1,1
100886,0,0,0,0
203970,0,0,1,1
409268,0,0,0,0
313447,0,0,0,0
304059,1,0,0,0
420494,0,0,-1,0
187252,0,0,-1,1
433700,1,0,-1,1
121115,0,0,0,0
261168,0,0,0,0
449700,0,0,-1,1
385622,0,0,0,0
152407,0,0,-1,1
371489,0,0,-1,1
137872,0,0,0,0
138767,0,0,0,0
456072,0,0,0,0
231157,0,0,-1,1
160252,0,1,-1,1
402680,0,0,0,0
360648,0,0,-1,1
450119,0,0,0,0
176093,0,0,0,0
110046,0,1,-1,1
263631,0,0,-1,1
360986,0,0,-1,1
185777,0,1,-1,1
290188,0,0,0,1
429159,0,0,0,0
350840,0,0,-1,1
137421,0,0,-1,1
212984,0,0,-1,0
154865,0,0,0,0
426476,0,0,0,0
145905,0,0,0,0
238536,0,0,0,0
437577,0,0,0,0
154579,0,0,0,0
242413,0,0,-1,1
218632,0,0,0,0
400394,0,0,0,0
131570,0,0,0,0
284456,0,0,-1,1
185701,1,0,0,0
106672,0,0,-1,0
307076,0,0,0,0
173175,0,0,0,0
221703,1,0,0,0
136776,0,0,-1,1
137717,0,0,-1,0
422153,0,0,0,0
362779,0,0,0,0
411269,0,0,0,0
367285,0,0,0,0
152844,0,0,0,0
309491,0,0,-1,1
329028,0,0,-1,1
409186,0,0,-1,0
303975,0,0,0,0
392808,0,0,0,0
188973,0,0,-1,1
221096,0,0,-1,1
223293,0,0,-1,1
303667,0,0,0,0
338850,0,0,0,0
322661,0,0,-1,1
298196,0,0,-1,1
264950,0,0,-1,1
246184,0,0,0,0
272872,0,0,0,0
387507,0,1,-1,1
195628,0,0,-1,1
161332,0,0,0,0
190919,0,0,0,0
197399,0,0,0,0
299736,0,0,-1,1
134785,0,0,-1,0
100596,0,0,0,0
187929,0,0,0,0
437044,0,0,-1,0
137916,1,0,0,0
288626,0,1,-1,1
385882,1,0,-1,1
296610,0,0,0,0
139337,0,0,0,1
230316,0,0,-1,1
193501,1,0,-1,0
253769,0,0,-1,0
139731,0,0,0,0
164923,1,0,0,0
259812,0,0,-1,0
291779,0,0,0,0
219198,0,0,0,0
111033,0,1,-1,1
427924,0,0,0,0
282458,0,0,-1,1
380749,0,0,0,0
294077,0,0,0,0
283265,0,0,0,0
314331,0,0,-1,0
276965,0,0,0,0
311799,0,0,0,0
298300,0,0,-1,1
394981,0,0,-1,0
128087,0,0,-1,0
448995,0,1,-1,1
407153,0,0,-1,1
176535,0,0,-1,1
213785,0,0,0,0
451813,0,0,-1,0
373557,0,0,0,0
392936,0,0,0,1
333717,0,0,0,0
233992,0,0,-1,0
316247,0,0,0,0
314277,0,0,-1,1
183870,0,0,-1,0
422614,0,0,1,1
110564,0,0,-1,1
244904,0,0,0,0
423359,0,0,0,0
436979,0,1,-1,1
361864,0,0,0,1
178658,0,0,0,0
245249,0,0,0,0
166188,0,0,0,0
342025,0,0,0,0
212708,0,0,-1,1
333450,0,0,-1,1
227347,0,1,-1,1
398204,0,0,0,1
119299,0,1,-1,1
210279,0,0,1,1
253222,0,0,0,0
115822,0,0,-1,0
448749,0,1,-1,1
311664,0,0,0,0
284044,0,0,0,0
423310,0,0,0,0
380330,0,0,0,0
455601,0,0,-1,1
135869,0,0,-1,1
310535,0,0,0,0
239142,0,0,-1,1
282672,0,0,-1,1
288815,0,0,0,0
163511,0,0,0,0
276754,0,0,0,0
423826,0,0,0,0
176279,0,0,0,0
191336,0,0,0,0
113144,0,0,0,0
193304,0,0,0,0
439430,0,0,-1,1
417577,0,0,0,0
414088,0,0,0,1
168669,0,0,0,0
225259,0,0,-1,1
442951,1,0,0,0
400599,0,0,0,0
114367,0,0,-1,0
375202,0,0,0,0
183718,0,1,-1,1
431050,0,0,-1,1
304712,0,0,0,0
116393,0,0,0,0
322237,0,0,0,0
101071,0,0,0,0
309590,0,1,-1,1
367967,0,0,-1,0
428087,0,1,-1,1
368705,0,0,-1,0
405062,0,0,0,1
411567,1,0,0,0
382341,0,0,-1,1
324939,0,1,-1,1
274495,0,0,-1,1
297327,0,0,0,0
118955,0,1,-1,1
125777,0,0,0,0
320596,1,0,0,0
249516,0,0,-1,0
400353,1,0,-1,1
213832,0,0,-1,0
383102,0,0,0,0
429569,0,0,0,0
152600,0,0,-1,1
353609,1,0,-1,1
323429,0,0,-1,0
441370,0,0,0,0
365557,0,0,-1,1
295084,0,0,0,0
348604,0,0,-1,0
428265,0,0,0,0
452116,0,0,-1,1
422233,0,1,-1,1
256225,0,0,-1,1
422133,0,0,0,0
306920,1,0,0,0
164523,0,0,0,0
255556,0,0,0,0
207097,0,1,-1,1
443450,0,0,-1,0
304258,0,0,0,0
343617,1,0,-1,1
286692,0,0,0,0
225767,0,0,1,1
213348,0,1,-1,1
305771,0,0,-1,0
188093,0,0,-1,0
236439,0,0,0,0
251371,0,0,0,0
323501,0,1,-1,1
410266,1,0,-1,1
313102,0,0,0,0
197600,0,0,0,0
156758,0,0,0,0
352385,0,0,0,0
135117,0,0,0,0
118198,0,0,-1,0
448219,0,0,-1,1
169915,1,0,0,0
402724,0,0,0,0
268765,0,0,0,0
312099,0,1,-1,1
215595,0,0,0,0
412350,0,0,0,0
265724,0,0,-1,1
231853,0,0,0,0
358111,0,0,0,0
120630,0,0,0,0
240677,0,1,-1,1
274176,0,0,-1,0
222255,0,0,0,0
375011,0,0,0,0
296948,0,1,-1,1
452809,0,1,-1,1
288248,0,0,-1,1
288052,0,0,0,0
257582,0,0,-1,0
372776,0,0,0,0
183970,0,0,0,0
394633,0,0,-1,1
116531,0,0,0,0
268035,0,0,-1,0
259918,0,0,0,0
248624,0,0,0,1
402964,1,0,0,0
309755,0,0,-1,1
117302,0,0,-1,1
229616,0,0,0,0
368158,0,0,0,0
384257,0,0,-1,0
331246,0,0,-1,1
374193,0,0,-1,0
125179,0,0,0,0
167414,0,0,0,0
368157,0,0,0,0
156325,0,0,0,0
403473,0,0,0,0
365393,0,0,-1,1
417128,0,0,0,0
324695,0,0,0,0
136174,0,0,-1,0
241410,0,1,-1,1
241000,0,0,0,0
353653,0,0,0,0
421552,0,0,0,0
336051,0,0,-1,1
327059,0,0,0,0
365708,0,0,0,0
199323,0,0,0,0
298109,0,0,-1,1
410176,0,0,0,0
145051,0,0,0,0
197148,0,1,-1,1
333797,0,0,0,0
238551,0,0,0,0
111201,0,0,-1,1
243391,0,0,0,0
119855,0,0,0,0
444341,0,0,0,0
232097,0,0,0,0
295672,0,1,-1,1
334309,0,0,0,0
394868,0,0,0,0
228494,0,0,0,0
340171,0,0,0,0
255149,0,1,-1,1
299081,0,0,-1,1
119926,1,0,0,0
427532,0,0,-1,1
448718,0,0,0,0
181818,0,1,-1,1
387983,1,0,-1,1
197346,1,0,0,0
404145,0,0,-1,1
318359,0,0,0,0
381511,0,0,-1,1
250106,0,0,-1,0
291885,0,0,-1,1
343082,0,1,-1,1
261538,0,0,0,0
162878,0,0,-1,0
287119,0,0,0,0
166472,0,0,-1,0
400635,0,0,0,0
217502,0,0,1,1
183260,0,0,-1,0
114926,0,0,-1,0
401620,0,0,0,0
231573,0,1,-1,1
185265,0,0,0,0
137003,0,0,0,0
366029,0,0,1,1
436953,0,1,-1,1
132511,0,0,0,0
215476,0,0,0,0
136600,0,0,0,0
107574,0,1,-1,1
408430,0,0,-1,1
389449,1,0,0,0
244214,0,0,0,0
326452,0,0,0,1
296556,0,0,0,0
280972,0,0,0,0
360625,0,0,-1,1
211311,0,0,0,0
383628,0,0,-1,1
168577,0,0,0,0
137112,0,0,-1,1
111855,0,0,0,0
295208,0,0,0,0
306183,0,0,0,0
294812,0,1,-1,1
283822,0,0,0,0
342246,1,0,0,0
130662,0,0,-1,1
262139,0,0,0,0
333341,0,0,0,0
155602,0,0,0,0
212311,0,0,-1,0
354638,0,0,0,0
162338,0,1,-1,1
123363,0,0,0,0
260325,0,0,0,0
142105,0,0,0,1
122173,0,0,0,0
309206,0,0,-1,0
120812,0,0,0,0
314954,0,1,-1,1
257373,0,0,-1,0
437159,1,0,0,0
344577,0,0,0,0
348922,0,1,-1,1
153013,0,1,-1,1
110056,0,1,-1,1
131509,0,0,-1,0
387327,0,0,-1,1
405053,0,0,0,0
337897,0,1,-1,1
157452,0,0,0,0
193092,0,0,0,0
445117,0,0,0,0
264380,0,0,0,0
303074,0,0,0,0
265942,0,1,-1,1
396228,0,0,0,0
107368,0,1,-1,1
392984,0,0,0,0
380072,0,0,0,0
294585,0,0,0,0
348759,0,0,0,0
431887,0,0,0,0
439215,0,0,-1,1
383930,0,0,0,0
187088,0,0,0,0
253603,0,0,-1,1
350806,0,0,-1,0
217180,0,0,-1,1
300382,0,0,0,1
331541,0,0,0,0
423861,0,0,0,1
331964,0,0,-1,0
279468,0,0,0,0
231492,0,0,0,0
250989,0,0,-1,1
273434,0,0,-1,0
223637,0,0,0,1
365969,0,0,0,0
290348,0,0,-1,0
422701,0,0,0,0
261490,0,0,0,0
321260,1,0,0,0
164660,0,0,-1,0
395535,0,1,-1,1
446693,0,0,0,0
291125,0,0,0,0
304129,1,0,0,0
166162,0,0,-1,0
154906,0,0,0,0
285197,0,0,0,1
147288,0,0,-1,0
175895,0,0,-1,1
133110,1,0,-1,1
429072,0,1,-1,1
244278,0,0,-1,1
237667,0,0,0,0
205468,0,0,-1,1
260297,0,0,-1,1
323148,0,0,-1,1
435991,0,0,0,0
152201,0,1,-1,1
153325,0,1,-1,1
352346,0,0,-1,1
332779,0,0,0,0
170260,1,0,0,0
424050,0,0,0,0
189041,0,0,-1,1
341129,0,0,-1,1
254071,0,0,0,0
256479,0,1,-1,1
149307,0,0,0,0
156736,0,0,0,0
382462,0,0,-1,1
105874,1,0,-1,1
242836,0,0,0,0
267377,0,0,0,0
314501,0,0,-1,0
307261,0,0,-1,0
315140,0,0,-1,0
258147,0,0,-1,0
302935,0,0,0,0
121607,0,0,0,0
380555,0,0,0,1
398744,1,0,1,1
329639,0,0,0,0
263893,0,0,0,0
336720,0,0,0,0
279317,0,0,-1,1
449804,0,0,0,0
278387,1,0,0,0
130932,0,0,-1,1
376299,1,0,-1,1
229988,0,0,0,0
377706,0,1,-1,1
103008,0,0,-1,1
215933,0,0,0,0
298769,0,0,-1,1
130766,0,1,-1,1
159404,0,0,0,0
323838,0,0,0,0
388841,0,0,-1,1
338051,0,0,-1,1
375981,0,0,-1,0
290806,0,0,0,0
240732,0,0,0,0
444351,0,0,0,0
223627,1,0,0,0
264449,0,0,0,0
279574,0,0,0,0
186274,0,0,0,0
256305,0,0,-1,1
213130,0,0,0,0
157388,1,1,-1,1
137481,0,1,-1,1
293280,0,1,-1,1
187094,0,0,0,0
128477,0,1,-1,1
263301,0,0,0,0
151258,0,1,-1,1
293339,0,0,-1,1
275141,0,0,0,0
187355,0,0,0,0
137047,0,1,-1,1
179634,0,0,0,0
415283,0,0,0,0
128690,0,0,0,0
249007,0,0,0,1
247828,0,0,0,0
267447,0,0,-1,1
255363,0,0,0,0
143982,0,0,-1,1
158435,0,0,0,0
284181,0,1,-1,1
364962,0,0,-1,1
327244,0,0,0,0
319783,0,0,-1,1
339562,0,0,0,0
227447,1,0,0,0
140709,1,1,-1,1
141261,0,0,0,1
269437,0,0,0,0
361673,0,0,0,0
104375,0,0,0,0
206167,0,0,0,0
397936,0,0,0,0
442975,0,1,-1,1
303090,0,0,0,1
397837,1,1,-1,1
445172,0,0,0,0
357235,0,0,0,0
282556,0,0,-1,0
131676,0,0,0,0
140496,0,0,0,0
290983,0,0,0,1
450212,0,0,-1,1
442323,0,0,-1,0
123485,0,1,-1,1
422904,0,0,-1,1
228802,0,0,0,0
103285,0,1,-1,1
353339,0,0,-1,1
124757,0,0,-1,1
268147,1,0,0,0
192068,0,1,-1,1
111272,0,0,0,0
156524,1,0,0,0
207395,0,0,-1,0
419882,0,0,0,0
391591,0,0,0,0
356446,0,0,0,0
292309,0,0,-1,0
140687,0,1,-1,1
454453,0,0,0,0
114499,0,0,0,0
412266,0,0,-1,1
263844,0,0,-1,1
433064,0,0,0,0
259181,0,0,-1,0
449300,0,0,0,1
434070,0,0,0,0
271971,0,0,-1,1
222527,0,0,0,0
284215,0,0,0,0
287258,0,0,0,0
266279,0,1,-1,1
141442,0,0,0,0
142266,0,0,0,0
101221,0,1,-1,1
284998,0,1,-1,1
131121,1,0,0,0
146328,0,0,0,0
326090,0,0,0,0
222652,0,0,0,0
309408,0,1,-1,1
222806,0,0,0,0
161981,0,0,0,0
329332,0,0,0,0
354902,0,0,-1,1
412567,0,0,0,0
365982,0,0,0,0
103785,0,0,0,0
146550,0,0,0,1
368507,0,0,0,0
278383,0,0,0,0
335690,0,1,-1,1
269862,0,0,0,0
426316,0,1,-1,1
455529,0,0,0,0
402989,0,0,-1,1
367229,0,0,0,0
167963,0,0,0,0
366503,0,0,-1,1
249978,0,0,0,0
334691,0,0,0,0
239768,0,0,0,0
365508,0,0,0,0
434195,0,0,0,0
132907,0,1,-1,1
122189,0,1,-1,1
135697,1,0,0,0
394298,0,0,0,0
265520,0,0,0,0
367132,0,0,-1,0
425717,0,0,0,0
237641,0,0,-1,1
160754,0,0,0,0
189406,0,1,-1,1
428919,0,1,-1,1
432337,0,0,0,0
185213,0,0,0,0
398853,1,0,-1,0
152336,0,0,-1,1
346537,0,0,0,0
323448,0,0,0,0
146061,0,0,-1,0
429683,0,0,-1,0
436433,0,1,-1,1
430461,0,0,0,0
158826,0,0,0,0
336609,0,0,0,0
352870,0,0,-1,1
166234,0,0,0,0
199438,0,0,0,0
364611,0,0,0,0
400360,0,0,0,0
428817,0,0,0,0
331806,0,0,0,0
337701,0,0,0,0
451569,0,0,0,0
252694,0,0,0,0
269042,0,1,-1,1
341529,0,0,-1,1
202979,0,0,0,0
300892,0,0,-1,0
337107,0,1,-1,1
217119,0,0,0,0
336713,0,1,-1,1
285442,0,0,-1,1
289684,0,0,-1,0
199392,0,0,0,0
319720,0,0,-1,0
356701,0,0,0,0
414630,0,0,0,0
410408,1,0,0,0
318814,0,0,-1,1
204986,0,0,0,0
232204,0,0,0,0
125202,0,0,-1,1
214061,0,0,0,0
338364,0,0,0,0
177653,0,0,0,0
338674,0,0,0,0
246766,0,0,-1,1
150256,0,0,-1,1
141013,0,1,-1,1
222462,0,0,0,0
317310,0,0,0,0
359331,0,0,0,0
393603,0,1,-1,1
402101,0,0,0,0
322865,0,0,-1,1
403809,0,0,0,0
330761,0,0,0,0
358121,0,0,0,0
379362,0,0,0,0
302716,0,0,-1,0
272875,0,0,0,0
390021,0,0,0,0
266863,0,0,-1,1
180298,0,0,-1,0
180156,0,0,0,0
261025,0,0,-1,1
311197,0,0,0,1
324699,0,0,0,0
353886,0,0,0,0
251119,0,0,0,1
250871,1,0,-1,1
278596,0,0,0,0
381028,0,0,-1,1
145728,0,1,-1,1
198696,0,0,0,0
453759,0,0,0,0
217449,0,0,1,1
196424,0,0,0,0
416046,0,0,0,0
250046,0,0,0,0
146579,0,0,0,0
444326,0,0,0,1
317015,0,0,-1,1
178580,1,0,1,1
352896,0,1,-1,1
225171,0,0,-1,1
160200,0,0,0,1
147641,0,0,0,0
449317,0,0,-1,1
430243,0,0,0,0
396220,0,0,0,0
374288,0,0,0,0
329714,0,0,-1,1
245601,0,1,-1,1
337564,0,0,-1,0
302312,0,0,-1,1
309533,0,0,0,0
355316,0,0,0,0
235532,0,0,0,0
175335,0,0,-1,1
335758,0,0,0,0
242164,0,0,0,0
214821,0,0,0,0
204676,1,0,-1,1
255496,0,1,-1,1
281046,1,0,-1,1
360813,0,0,0,0
421266,0,0,0,1
290135,0,0,-1,1
190735,0,0,1,1
265221,0,0,0,0
180924,0,0,-1,1
211022,0,0,1,1
413037,0,0,0,1
399566,0,0,-1,0
279772,0,0,-1,0
392718,0,0,0,0
347287,0,0,0,0
413955,0,0,0,0
304097,0,0,0,0
287367,1,0,0,0
409472,0,0,0,0
178779,0,0,0,0
436924,0,0,-1,0
321106,0,0,0,0
309510,1,1,-1,1
174567,0,0,-1,1
121047,1,0,0,0
433546,1,0,0,0
296463,0,0,1,1
172269,0,0,0,0
151051,0,0,0,0
346988,0,0,-1,1
218420,0,0,-1,1
193218,0,0,0,1
338270,0,0,0,0
248349,0,0,0,0
408989,0,0,-1,1
447780,1,1,-1,1
291836,0,0,0,0
154152,0,1,-1,1
102533,0,0,0,0
197165,0,0,0,0
158834,0,0,0,0
401671,0,0,0,0
105810,0,0,0,0
376143,0,0,0,0
411931,0,0,0,0
243905,0,0,-1,1
403345,0,0,0,0
267515,0,0,-1,0
405061,0,0,-1,0
239162,0,0,-1,1
151078,0,0,0,0
205315,0,0,0,0
123415,0,0,0,0
142514,0,0,0,0
173922,0,0,0,0
288354,0,0,0,0
414408,0,0,0,0
137653,0,1,-1,1
400378,0,0,-1,1
456238,0,0,0,0
432884,0,1,-1,1
350619,0,0,0,0
172319,0,0,-1,1
422155,0,0,-1,0
247768,0,0,-1,1
282017,0,0,0,0
169036,0,0,0,0
260324,0,1,-1,1
205034,0,1,-1,1
374333,1,0,-1,0
166553,0,0,0,0
304618,0,1,-1,1
219922,0,0,0,0
296149,0,0,0,1
227689,0,0,0,1
137389,0,0,0,0
402628,1,0,0,0
453619,0,0,-1,1
313690,0,0,0,0
317265,0,0,0,0
156685,0,0,0,0
301386,0,0,-1,1
196419,0,0,-1,1
343666,0,0,-1,1
306864,0,0,0,0
148505,0,0,-1,0
350668,0,0,0,0
184475,0,0,0,0
345443,0,0,0,0
179393,0,0,0,0
288860,0,0,0,0
105799,0,0,0,0
270489,0,0,-1,1
450357,0,0,-1,0
129730,1,0,-1,0
284392,1,0,0,0
423425,0,0,-1,1
150591,0,0,0,0
307152,0,0,-1,1
182671,0,0,-1,1
114887,0,0,-1,1
369642,0,0,0,0
111049,0,0,0,0
299796,0,0,-1,1
284174,0,1,-1,1
273488,0,0,0,0
216618,0,1,-1,1
134969,0,0,0,0
179675,0,0,-1,1
455464,0,0,0,0
279333,1,0,-1,1
265037,0,0,0,0
289480,0,0,0,0
100333,0,0,0,0
286207,0,0,0,0
387816,0,0,-1,1
176792,0,0,0,0
383570,0,0,0,0
281379,0,0,-1,0
410621,0,0,0,0
248638,0,1,-1,1
425595,0,0,0,0
173240,0,0,0,0
437000,1,0,0,0
386409,0,0,0,0
380514,0,0,-1,1
122914,0,0,0,1
297092,0,0,-1,0
326533,0,0,0,0
100161,0,0,0,0
331830,0,0,0,0
315423,0,0,-1,1
110051,0,1,-1,1
333426,0,0,0,0
349171,0,0,-1,1
138114,0,0,0,0
324912,0,0,-1,1
380563,0,0,-1,0
210209,0,0,0,0
109136,0,0,-1,1
265499,0,0,-1,1
334291,0,1,-1,1
255545,1,0,-1,1
220704,0,0,-1,0
367784,0,0,0,0
359703,0,0,0,0
349996,0,0,0,0
376182,0,0,0,0
303419,0,0,-1,1
338863,0,0,0,0
172917,0,0,0,0
398731,0,0,0,0
158251,1,0,0,0
284447,0,0,-1,1
151776,0,1,-1,1
377373,0,0,-1,0
422143,0,0,0,1
260415,0,1,-1,1
407975,0,0,0,0
113920,0,0,0,0
160359,1,0,0,0
409742,1,0,-1,1
111706,0,0,0,0
308368,1,0,-1,1
417202,0,0,0,0
452972,0,0,-1,0
250518,0,0,0,0
128679,0,0,0,0
446123,0,0,0,0
254893,0,0,0,0
345102,1,1,-1,1
305463,0,0,-1,1
388808,0,0,0,0
419495,0,0,0,0
390602,0,0,-1,0
383055,0,0,0,0
239566,0,0,-1,1
151089,0,0,1,1
271646,0,0,-1,1
303491,0,0,0,0
273267,0,0,0,0
449888,1,0,0,0
247556,0,0,0,0
419909,0,0,-1,1
359823,0,0,-1,1
212827,0,0,0,0
252086,0,0,0,0
213681,0,0,0,1
438838,0,0,0,0
391986,0,0,-1,0
275808,0,0,0,0
241521,0,0,0,1
320182,0,1,-1,1
266958,0,1,-1,1
246282,0,0,0,0
285655,0,0,-1,1
316724,0,0,-1,0
104284,0,0,0,1
245015,0,0,0,0
131980,0,0,0,0
226942,0,1,-1,1
313916,0,0,0,0
377111,0,0,0,0
325793,0,0,0,0
187995,0,0,0,0
253489,0,0,-1,1
284994,0,0,-1,1
205193,0,0,-1,1
229401,0,1,-1,1
126232,0,0,-1,1
123712,1,0,-1,1
226570,0,0,-1,1
241422,0,0,0,0
125226,0,0,0,0
327984,0,0,-1,1
255023,0,0,0,0
395454,0,1,-1,1
437320,0,0,0,0
326911,1,0,-1,1
109888,0,0,0,0
203635,0,0,-1,0
316260,0,0,0,0
343098,0,0,-1,1
378996,0,0,0,0
267016,0,0,0,0
209976,0,0,-1,1
393618,0,0,0,0
450349,1,0,-1,1
306833,0,0,0,0
234631,0,0,-1,1
182704,0,0,-1,0
314377,1,0,1,1
384377,0,0,0,1
151596,0,0,0,0
173245,1,1,-1,1
415004,0,0,-1,1
101972,0,0,-1,1
327387,0,0,0,1
394866,0,1,-1,1
313619,0,1,-1,1
319684,0,0,0,0
362952,0,1,-1,1
130508,0,0,0,1
347652,0,0,0,0
180803,0,1,-1,1
136959,0,1,-1,1
351988,0,1,-1,1
100409,0,0,-1,1
417744,0,1,-1,1
348392,0,0,0,0
308526,0,0,-1,1
357026,0,0,0,1
147485,0,0,0,0
427737,0,0,-1,1
151635,0,0,-1,1
168824,1,0,-1,0
114806,0,0,-1,1
320284,0,0,0,0
313301,0,0,-1,1
226956,0,0,0,0
222554,0,0,0,0
297581,0,0,-1,1
210949,0,0,-1,0
245995,1,0,0,0
389077,0,1,-1,1
343022,0,1,-1,1
289868,0,1,-1,1
127763,1,0,0,0
178786,0,0,0,1
261565,0,0,0,0
224100,0,1,-1,1
378243,0,0,0,0
363006,0,0,-1,1
146309,1,0,-1,1
129175,0,0,0,0
293353,0,0,0,0
268262,0,0,0,0
177259,0,0,0,0
370152,0,0,0,0
243221,0,0,0,0
141781,0,0,-1,1
245166,0,0,0,0
337377,0,0,-1,1
452922,0,0,0,0
127430,0,0,0,0
193443,0,0,0,0
189575,1,0,0,0
393226,0,0,0,0
266320,0,0,-1,0
190440,0,0,-1,0
169186,0,0,0,0
262480,1,0,0,0
114086,0,0,0,1
141226,0,0,0,0
182364,0,0,-1,1
281898,1,0,0,0
431832,0,0,0,0
223734,0,0,0,0
370823,0,1,-1,1
189887,0,0,1,1
304625,0,0,0,0
405168,0,0,0,1
163103,0,0,0,0
253107,0,0,0,0
289679,0,0,-1,0
292155,0,0,-1,1
303708,0,0,0,0
412060,0,0,0,0
301273,0,0,-1,0
183865,0,0,-1,1
356968,0,0,-1,1
213985,0,1,-1,1
141885,1,1,-1,1
395546,0,0,0,0
360655,0,0,0,0
400696,0,0,0,0
167962,0,0,0,0
168991,0,0,0,0
194678,0,0,-1,1
433481,0,0,-1,1
407848,0,0,0,0
367480,0,0,0,0
408914,0,0,0,0
448991,0,0,0,0
217918,0,0,0,0
148723,0,0,-1,1
385842,0,0,0,0
167990,0,0,0,0
230032,0,1,-1,1
295029,0,0,0,0
344206,1,0,0,0
197045,0,0,0,0
211319,0,1,-1,1
430302,0,1,-1,1
328367,0,1,-1,1
219839,0,0,0,0
412579,0,0,0,0
383715,0,0,0,0
104782,0,0,0,0
229363,0,0,0,1
139453,0,0,0,0
372647,0,0,0,0
210854,0,0,-1,0
168624,0,0,0,0
117297,0,0,0,1
354447,0,0,0,0
283247,0,0,-1,1
143460,0,0,-1,1
237851,0,0,0,0
261003,0,0,0,0
188474,1,0,-1,1
168451,0,0,0,0
312836,0,0,0,0
161442,0,0,-1,0
232153,0,0,0,0
339777,0,0,1,1
270210,0,0,-1,0
353206,0,0,0,0
293788,0,0,-1,0
451792,0,0,-1,0
305085,0,0,0,0
163956,1,0,0,0
228963,0,0,0,0
258750,0,0,0,0
158043,0,0,-1,0
166304,0,0,-1,1
395914,0,0,-1,1
237427,0,0,-1,1
380275,0,0,0,0
370035,0,0,0,0
423331,1,0,0,0
242092,0,0,0,0
197773,0,0,0,0
411192,0,0,0,0
246044,1,0,0,0
103341,0,0,-1,1
106719,0,0,-1,0
137081,0,0,-1,1
382349,0,0,0,1
407580,0,0,0,0
329756,0,0,-1,1
249970,0,1,-1,1
447774,0,0,-1,1
123964,0,0,-1,1
237837,0,1,-1,1
292282,0,0,0,0
390362,1,0,0,0
300693,0,0,0,0
140099,0,0,0,0
337318,0,0,0,0
313021,0,1,-1,1
382031,0,0,-1,1
199412,0,0,0,0
449236,0,0,-1,1
149632,0,0,0,0
223033,0,1,-1,1
443703,0,1,-1,1
296102,0,1,-1,1
206042,0,0,0,0
371482,1,0,0,0
254561,0,0,-1,0
337459,0,0,0,1
400300,0,0,0,0
437654,0,0,0,0
241247,0,0,0,0
213356,0,0,0,0
279515,0,0,0,0
138758,0,0,0,0
302627,0,0,-1,1
276370,0,0,0,0
379200,0,0,1,1
369141,0,0,-1,1
334221,0,0,0,0
212845,0,0,0,0
181316,0,0,0,0
218789,1,0,-1,1
311004,0,0,0,0
263600,0,0,0,0
409779,0,1,-1,1
400184,0,1,-1,1
420411,0,1,-1,1
348715,0,0,0,0
302137,0,0,0,0
295856,1,0,0,0
395378,0,1,-1,1
328107,0,0,0,0
349897,0,0,-1,1
242026,0,0,0,0
315967,0,0,-1,0
378560,0,0,0,0
222049,0,0,0,0
118808,0,0,-1,1
101316,0,0,0,0
404797,0,0,0,0
282275,0,0,0,0
301277,0,0,0,0
358261,0,0,-1,1
429490,0,0,0,0
140163,0,0,0,0
452890,0,0,0,1
399714,0,0,0,0
451514,0,0,0,0
163525,0,0,0,0
147228,1,0,0,0
105693,0,0,-1,1
166092,0,0,0,0
186074,0,0,0,0
239911,0,0,0,0
311321,0,0,0,0
278786,1,0,0,0
380676,0,0,-1,1
225096,0,0,0,0
274352,0,0,0,0
449226,0,0,0,0
207991,0,0,-1,1
333461,0,0,0,0
214129,0,0,-1,1
289269,0,0,0,0
368647,0,0,0,0
118152,0,1,-1,1
451580,0,0,0,0
264194,0,0,0,0
186792,0,0,-1,1
423101,0,0,0,0
346811,0,0,0,0
353494,0,0,0,0
325427,0,0,0,0
344101,0,0,0,0
343475,0,0,0,0
250881,0,0,-1,1
406283,0,1,-1,1
297355,0,0,1,1
447163,0,0,0,0
436447,0,1,-1,1
147365,1,0,0,0
243632,0,1,-1,1
445020,0,0,-1,1
384828,0,0,0,0
299502,0,0,0,0
415324,0,0,0,0
437087,0,0,-1,0
129302,0,0,-1,1
234140,1,1,-1,1
236326,0,0,-1,0
392664,0,0,-1,1
109991,0,0,0,0
283454,0,0,-1,1
423867,0,0,0,1
419323,0,0,-1,1
136733,0,0,-1,1
130617,0,0,0,0
295972,1,0,0,1
388054,0,0,0,0
150317,0,0,0,0
410874,0,0,0,0
357787,0,0,-1,0
272363,0,0,0,0
377384,0,1,-1,1
215562,0,0,0,0
119030,0,0,0,0
166034,0,1,-1,1
377212,0,0,-1,1
407326,0,0,0,0
223761,0,1,-1,1
110817,0,0,0,0
213023,0,0,-1,1
363752,0,0,-1,1
159860,1,0,0,0
198110,0,0,0,0
331575,0,0,0,0
227137,0,0,0,0
175707,0,0,0,0
376705,1,0,0,0
214318,0,0,0,0
186817,0,0,0,0
244007,0,0,0,0
150599,0,0,0,0
339632,0,0,0,0
453660,0,0,0,0
387006,0,0,0,0
125181,0,0,-1,0
306151,0,0,0,0
302136,0,0,0,0
153503,0,1,-1,1
103464,0,0,-1,0
448153,0,0,1,1
210291,0,0,0,0
349196,0,0,0,0
257099,0,0,0,0
159058,0,0,0,0
404700,0,0,0,0
271610,0,0,0,0
447896,0,0,0,0
108502,0,0,-1,1
250152,0,0,0,0
252645,0,0,0,0
128552,0,0,0,0
430051,0,0,-1,0
192759,0,0,0,0
412075,0,0,0,0
242064,0,0,-1,0
411630,0,0,-1,1
276453,0,0,-1,1
343447,1,0,-1,1
231772,0,0,-1,1
225047,0,0,0,0
209212,0,0,0,1
271826,0,0,0,0
455502,0,0,-1,0
401728,0,0,0,1
366469,0,0,-1,1
138869,0,1,-1,1
257016,1,0,-1,1
369360,1,0,0,0
447667,1,1,-1,1
161538,0,0,-1,0
116509,1,0,-1,0
149040,0,0,0,0
421325,1,0,-1,0
314266,0,0,0,0
430855,1,0,0,0
417047,0,0,0,0
255154,0,0,0,0
286565,0,0,-1,0
387144,0,0,0,0
333433,0,1,-1,1
343108,0,0,0,0
229434,1,1,-1,1
225411,0,0,0,0
210402,0,1,-1,1
196886,0,0,-1,1
138477,0,0,0,0
380349,0,0,0,1
206549,0,0,-1,0
350065,0,0,0,0
398398,0,1,-1,1
113560,1,0,0,0
186366,0,1,-1,1
319351,0,0,1,1
409251,0,0,0,0
288296,0,0,-1,1
250345,0,0,-1,1
267796,0,0,-1,0
223457,0,0,0,0
394619,0,0,0,0
317545,0,0,0,0
329726,0,0,0,0
185404,0,0,-1,0
386176,0,0,-1,0
256230,0,0,-1,1
337072,0,0,-1,0
288552,0,0,0,0
208735,0,0,0,0
372051,0,0,0,0
236314,0,0,-1,1
344351,0,0,0,0
369113,0,1,-1,1
146826,0,0,0,0
107002,0,0,0,0
233241,0,1,-1,1
327544,0,0,-1,1
450769,0,0,0,0
236276,0,0,-1,1
281197,0,0,0,0
183872,0,0,-1,1
448291,0,0,0,1
258731,0,0,0,0
198140,1,0,0,0
212267,0,0,0,0
193815,0,0,0,0
426704,0,0,0,0
311138,0,1,-1,1
104000,1,0,0,0
424284,0,1,-1,1
177223,0,0,0,0
211543,0,0,-1,0
337217,1,0,0,0
241044,0,0,0,0
234200,0,0,-1,0
359349,0,0,-1,1
272014,0,0,0,0
421382,0,0,0,0
191097,0,0,0,0
122759,0,0,0,0
380485,0,0,1,1
236347,0,0,0,0
100139,0,1,-1,1
277446,0,0,0,1
441113,0,0,-1,0
302183,0,1,-1,1
294040,0,0,-1,1
343709,0,0,0,0
103915,0,0,0,0
207343,0,0,-1,1
228064,0,0,0,0
332040,0,0,-1,0
415781,0,0,-1,1
308540,0,0,0,0
445063,0,0,0,0
231950,0,0,0,0
253102,0,0,0,0
382714,0,0,0,0
426379,0,1,-1,1
352775,0,0,0,0
119514,0,0,0,0
107250,0,0,0,0
308149,1,0,0,0
321989,0,0,0,0
381560,0,0,0,0
254587,0,0,0,0
148073,0,0,0,0
391299,0,0,0,0
363016,0,0,0,0
287194,0,0,0,0
283409,0,0,0,0
153451,0,0,0,0
430743,0,0,0,0
425476,0,0,-1,1
454428,0,0,-1,1
151117,0,0,0,0
331745,0,0,-1,0
114847,0,0,0,0
222199,0,0,-1,1
176788,0,0,-1,1
340553,0,0,0,0
433008,0,1,-1,1
429644,0,0,-1,1
174189,0,0,0,0
406054,0,0,0,0
123568,0,0,0,0
199759,0,0,0,0
185694,0,0,0,0
171402,0,0,-1,1
411728,0,0,0,0
382437,0,1,-1,1
338645,0,0,-1,1
231335,1,0,0,0
414523,1,0,0,0
234074,0,0,0,0
240909,0,0,-1,1
454207,0,0,0,0
262603,0,0,0,0
167791,0,1,-1,1
289459,0,0,-1,1
453617,0,0,0,0
441832,0,0,0,0
232073,1,0,0,0
198889,0,0,0,0
197845,0,0,0,0
453964,0,0,0,0
414127,0,0,0,0
446685,0,0,0,0
116382,0,0,-1,0
207126,1,0,0,0
282288,0,0,0,0
327321,0,0,0,0
188864,0,0,-1,1
263454,0,0,-1,0
396405,0,0,0,0
429335,0,0,-1,0
263366,0,0,0,0
366740,0,0,0,0
134615,0,0,-1,1
285091,0,0,0,0
207162,0,0,-1,1
414756,0,0,0,0
350214,0,0,-1,0
452048,0,0,0,0
408377,0,0,0,0
178629,0,0,0,0
295043,0,0,0,0
334996,0,0,0,0
299166,0,0,0,0
365191,0,1,-1,1
258550,0,1,-1,1
287788,0,0,-1,1
178368,0,1,-1,1
285793,0,0,-1,1
367350,1,0,0,1
408013,0,0,0,0
395536,0,0,-1,1
133743,0,0,0,0
111733,0,0,-1,0
379878,0,0,0,0
169604,0,0,0,0
220395,1,0,-1,0
139390,0,0,-1,1
424185,0,0,0,0
131659,0,0,-1,0
243658,0,0,0,0
282981,0,0,-1,1
379565,0,0,0,0
442973,0,0,0,0
314870,0,0,0,0
113526,0,0,-1,0
292853,0,1,-1,1
334528,0,0,0,0
453068,0,0,0,0
209023,0,0,0,0
301904,0,0,-1,1
418285,0,0,0,0
247961,0,0,0,0
380302,0,0,0,1
118224,0,0,0,0
200054,0,0,0,0
420371,0,0,-1,1
104428,0,0,0,0
114189,0,0,-1,1
177714,0,0,-1,1
278900,1,0,-1,1
308005,0,0,-1,0
400029,0,0,-1,1
283721,0,0,-1,1
143940,0,0,-1,1
191891,0,0,0,0
266031,0,0,0,0
380939,0,0,-1,1
399413,0,0,-1,1
114878,0,0,0,0
275321,0,1,-1,1
282538,0,0,0,0
248886,0,0,0,0
104723,0,0,-1,1
259560,1,0,-1,1
134734,0,0,0,0
243177,1,0,0,0
134193,1,0,0,0
216958,0,0,0,0
235200,0,0,-1,1
422429,0,0,-1,1
401959,0,0,0,0
312450,0,0,0,0
331100,0,0,-1,0
127475,0,0,0,0
446573,0,0,-1,1
381710,0,0,0,0
430391,0,0,0,0
284875,0,0,0,0
397357,0,0,-1,1
110768,0,0,0,0
412535,0,0,0,0
197373,0,0,0,0
196897,0,0,-1,1
380869,0,0,0,0
419922,0,1,-1,1
120315,0,0,0,0
303693,0,0,-1,1
339760,0,0,0,0
343035,0,0,-1,0
120726,0,0,0,0
368198,0,0,0,0
288363,0,0,0,0
192247,0,0,0,0
404045,0,0,0,0
274923,1,0,0,0
404546,0,0,0,0
373928,0,0,0,0
320834,1,0,-1,0
277800,0,0,1,1
193185,0,0,0,0
208582,1,1,-1,1
395285,0,0,0,0
408291,0,0,0,0
292386,0,0,-1,0
281586,0,0,-1,1
255763,0,0,-1,1
135116,0,0,0,0
274159,0,0,0,0
143614,0,0,0,0
405122,0,0,0,0
270032,0,1,-1,1
443946,1,0,0,0
385673,0,0,0,0
447461,0,0,0,0
323768,0,0,-1,1
134996,0,0,0,0
381220,0,1,-1,1
288221,0,0,0,0
275239,0,0,-1,1
252959,0,0,0,0
367200,0,0,0,0
268270,0,0,-1,1
102953,0,1,-1,1
303815,0,0,0,0
364756,0,0,-1,0
396918,0,0,0,0
118846,0,1,-1,1
189848,0,0,-1,1
411998,0,0,0,0
231992,0,0,0,0
309346,0,0,-1,1
139689,0,0,0,0
305972,0,0,-1,1
154004,0,0,0,0
249606,0,0,0,0
362509,0,0,0,0
209290,0,0,-1,1
195698,0,1,-1,1
282418,0,0,-1,0
406319,0,0,0,0
236515,0,0,0,0
321979,0,0,0,0
230425,0,0,0,0
142002,0,0,0,0
351493,0,0,0,0
195318,1,0,-1,0
352272,0,0,-1,0
392158,0,0,-1,0
248234,0,0,-1,1
148868,0,0,0,0
112931,0,0,0,0
184063,0,0,0,0
188339,0,0,0,0
162765,0,0,0,0
325423,0,0,0,1
293096,0,0,0,0
353063,0,0,0,0
133780,0,0,0,0
303526,0,0,-1,1
446366,0,1,-1,1
423666,0,0,-1,1
293333,0,0,0,0
434913,0,0,-1,1
208439,0,0,-1,1
101375,0,0,-1,1
150323,0,1,-1,1
354310,0,0,0,0
236450,0,0,0,0
310437,0,0,0,0
312940,0,0,0,0
309327,0,0,0,0
169828,0,0,0,0
144140,0,0,0,1
412024,0,0,0,0
272038,0,0,-1,1
305247,0,0,0,0
182776,0,0,-1,1
128491,0,0,0,0
256729,0,0,0,0
348515,0,0,0,0
326503,0,0,0,0
245476,0,0,-1,1
283646,0,0,0,0
240246,0,0,0,0
162783,0,0,0,0
324452,1,0,0,0
399112,0,0,-1,1
208440,0,0,0,0
334904,0,0,-1,1
409818,0,1,-1,1
423003,0,0,-1,1
399556,0,0,-1,0
358062,0,0,0,0
227686,0,1,-1,1
441224,0,1,-1,1
442715,0,0,-1,1
102061,0,0,-1,1
403140,0,1,-1,1
160916,1,0,0,0
425507,0,0,0,0
166368,0,0,0,0
103530,0,0,0,0
372238,0,0,-1,1
328257,0,1,-1,1
431234,0,0,0,0
373469,0,1,-1,1
208368,0,0,0,0
237550,0,1,-1,1
420531,0,0,0,0
377181,0,0,0,0
204704,0,0,0,0
221439,0,0,0,0
371257,0,0,-1,0
223021,0,0,0,0
401576,0,0,0,0
207247,0,0,0,1
420339,0,1,-1,1
237743,0,0,0,0
123523,1,0,0,0
417926,0,0,-1,0
408676,0,0,0,0
290917,0,0,0,0
285355,0,0,-1,1
316244,0,0,0,0
288088,0,0,0,0
191220,0,0,0,0
209150,0,0,-1,1
377670,0,0,0,0
221759,0,0,0,1
295079,0,0,0,0
364137,0,0,1,1
254041,0,0,0,0
377370,0,0,-1,1
283326,0,0,-1,1
186979,0,0,0,0
340584,0,0,-1,1
310891,0,0,0,0
228451,0,0,0,0
300143,0,0,0,0
147101,0,0,0,0
441369,0,0,0,0
305173,0,0,0,0
251273,0,0,0,0
276738,0,0,0,1
411038,0,0,0,0
111606,0,0,-1,0
413175,1,1,-1,1
381902,0,0,-1,1
165793,0,0,0,0
196874,0,0,-1,1
309773,0,0,-1,1
434706,0,0,0,0
220020,0,0,-1,0
241203,0,0,0,1
381855,0,0,0,0
260994,0,0,-1,1
315453,0,0,0,0
434441,0,0,0,0
240832,0,0,-1,1
389861,0,0,-1,1
355409,0,0,0,0
109951,0,0,0,0
449650,0,0,0,0
205967,0,0,-1,1
338770,0,0,0,0
315064,1,0,-1,1
236027,0,0,-1,1
302958,0,0,0,0
105238,0,0,0,0
254694,0,0,0,0
438706,0,0,0,0
384511,1,0,0,0
117839,1,1,-1,1
374408,0,0,-1,1
122526,0,0,0,0
255857,0,0,0,0
384406,0,0,0,0
121060,0,0,0,0
101933,0,0,0,0
196780,0,1,-1,1
256320,0,0,0,1
300928,0,0,0,0
432877,0,0,0,0
424140,1,0,0,0
150066,0,0,-1,1
214795,0,0,0,1
299656,0,0,0,0
438490,0,0,0,0
140837,0,0,-1,1
378577,0,0,0,1
360201,0,0,0,0
205726,0,0,0,0
185727,0,0,0,0
388868,0,0,0,0
373661,0,0,0,0
421869,0,0,-1,0
441927,0,0,-1,0
400732,0,0,0,0
347950,0,1,-1,1
383025,0,1,-1,1
344363,0,0,0,0
145295,0,0,0,0
305751,0,1,-1,1
224219,0,0,-1,1
393088,0,0,0,0
130742,0,0,0,0
321369,0,0,-1,0
142942,0,0,-1,1
454243,0,0,0,0
267471,0,0,-1,1
368926,0,0,0,0
312864,0,1,-1,1
233520,0,0,0,0
453456,0,0,-1,1
364888,0,0,0,0
104556,0,0,-1,1
195205,0,0,0,0
107452,0,0,0,0
372533,0,0,0,0
425280,0,0,-1,1
173150,0,1,-1,1
447167,0,0,0,0
224454,0,0,-1,1
325949,0,0,-1,1
376682,0,0,0,0
182520,1,0,0,0
246847,0,0,-1,1
430218,0,0,0,0
233456,0,0,-1,1
324244,0,0,-1,1
428664,0,0,0,0
262127,0,0,-1,1
323421,0,0,-1,1
238934,0,1,-1,1
159896,0,0,-1,1
315552,0,0,0,0
320560,0,0,-1,0
314674,0,0,-1,1
104926,0,0,0,0
191136,1,0,-1,1
319077,0,0,-1,1
416106,0,0,0,0
203094,0,0,0,0
112912,0,0,-1,1
238051,0,0,-1,1
418968,0,0,-1,1
188534,0,0,0,0
430013,0,0,0,0
190228,0,0,0,0
188259,0,0,0,0
109560,0,0,0,0
335078,0,0,0,0
395342,0,0,0,0
386035,0,0,0,1
270910,0,0,0,0
312502,0,0,1,1
122700,0,0,0,0
287567,0,0,0,0
321191,0,0,0,0
356190,1,0,-1,1
163050,0,0,0,0
218546,0,0,0,0
395476,1,1,-1,1
325843,0,0,0,0
184103,0,0,-1,0
426532,0,0,0,0
170696,1,0,-1,0
451930,0,0,-1,1
257581,1,0,0,0
195110,0,0,0,0
133947,0,0,0,0
323990,0,0,0,0
279249,0,0,0,0
183053,0,0,-1,1
444205,0,0,0,0
452437,0,0,0,0
139949,0,0,0,0
161706,0,0,-1,1
341580,0,0,0,0
445026,0,0,0,0
170344,0,0,0,0
199710,0,1,-1,1
395698,0,0,-1,1
261552,0,1,-1,1
334377,0,0,0,0
354073,0,0,0,0
441680,0,0,0,0
268263,0,0,0,0
445647,0,0,0,1
223648,0,1,-1,1
148834,0,1,-1,1
358791,0,0,0,0
439450,0,0,-1,1
377474,0,0,0,0
156338,0,0,0,0
260633,0,0,0,0
329467,0,0,0,1
184246,0,0,0,0
119779,0,0,0,0
389163,0,0,0,0
279025,0,1,-1,1
249766,0,0,0,0
323291,0,0,0,0
293699,0,0,-1,1
375536,0,0,0,0
358184,0,0,0,0
116139,0,0,0,0
323730,0,1,-1,1
253009,1,0,0,0
352134,0,0,0,0
412698,0,0,-1,0
211364,0,0,-1,1
115879,0,0,-1,1
339451,0,0,0,0
182965,0,0,-1,1
440730,0,0,-1,1
120409,0,0,0,1
332644,0,0,0,0
359344,0,0,0,0
163406,0,0,0,1
312723,0,0,-1,1
344957,0,0,0,0
308863,0,0,0,0
214576,0,0,0,0
452189,0,0,0,0
335380,0,0,0,0
285424,0,0,0,0
394573,0,1,-1,1
340749,0,0,0,0
116942,0,0,0,0
341582,0,1,-1,1
314685,0,0,0,0
311736,0,1,-1,1
172487,0,0,0,0
397798,0,0,-1,1
122164,0,0,0,0
105070,0,0,-1,0
272386,0,0,-1,0
210282,0,0,0,0
450928,0,0,0,0
397523,0,0,-1,0
287837,0,1,-1,1
103268,0,0,0,0
324273,0,0,-1,1
390625,0,0,0,0
309889,0,0,0,0
247301,0,0,0,0
451513,0,0,0,0
254288,0,0,0,0
452065,0,1,-1,1
184601,0,1,-1,1
286716,0,0,0,0
405458,0,0,0,0
216354,0,0,-1,0
413512,0,0,0,0
426145,0,0,0,0
430341,0,1,-1,1
364408,0,1,-1,1
275014,0,0,-1,1
108404,0,0,0,0
379958,1,0,-1,1
109493,0,0,0,0
366137,0,0,0,0
342914,1,0,0,1
203991,0,0,0,0
315998,0,0,-1,0
334217,0,0,0,0
127937,0,0,0,0
366059,0,0,0,0
435006,0,0,0,0
436751,0,0,-1,1
140387,0,0,-1,1
332649,0,0,-1,0
179708,0,0,0,0
249829,0,0,-1,1
145399,0,0,0,1
392804,0,0,0,0
124753,0,0,0,0
151950,0,0,-1,0
372937,0,0,0,0
116999,0,0,-1,1
150402,0,0,-1,1
224796,0,0,-1,1
203409,0,0,0,0
185166,1,0,0,0
207383,0,0,-1,0
151745,0,0,0,0
178695,0,0,0,0
282694,0,0,-1,1
411774,0,0,0,0
266190,0,0,-1,0
377366,0,0,-1,1
284448,0,0,-1,1
124240,0,0,0,0
273849,0,0,-1,1
284628,1,0,0,0
252302,0,0,0,0
166999,1,0,0,0
418679,0,0,0,0
314181,0,0,0,0
323784,0,0,-1,1
161744,0,0,0,0
207754,0,0,0,0
315255,0,0,-1,1
232667,0,0,-1,0
278015,0,0,0,0
409140,1,0,0,0
446281,1,0,0,0
388544,0,0,0,0
203503,0,0,0,0
340669,0,0,-1,0
288233,0,0,0,1
307289,0,0,0,0
310314,0,0,-1,0
385758,0,0,0,0
199495,0,0,0,0
129301,0,0,0,0
272262,0,0,1,1
363335,0,0,0,0
233329,0,0,-1,1
229119,0,1,-1,1
290706,0,0,-1,1
297166,0,0,-1,0
153131,0,0,0,0
109543,0,1,-1,1
321762,0,0,0,0
291280,0,0,-1,1
450863,0,0,-1,1
285947,0,0,-1,1
192126,0,0,0,0
137179,1,0,-1,1
347568,0,0,-1,1
358499,0,0,0,0
148981,0,0,0,0
125453,0,0,-1,1
441296,0,0,0,0
238438,0,0,0,0
354508,0,1,-1,1
188974,0,0,0,1
347024,0,0,-1,1
172688,0,0,0,0
237924,0,0,0,0
190163,0,0,0,0
427169,0,0,0,0
448764,0,0,-1,1
121525,1,0,0,0
140054,0,0,0,0
297782,0,1,-1,1
210856,0,0,0,0
329137,0,0,-1,1
335987,0,0,0,0
363119,0,0,0,0
206194,0,0,0,1
397354,0,0,0,0
428281,0,0,0,0
392427,0,1,-1,1
281796,0,0,-1,1
178335,0,0,0,0
385038,0,0,-1,0
235261,0,0,-1,1
420329,0,0,0,0
162052,0,0,0,0
353229,0,0,0,0
105986,0,0,0,0
394286,0,0,0,1
333369,1,0,-1,1
452877,0,0,0,0
117928,0,1,-1,1
300827,0,1,-1,1
182853,0,0,0,0
404683,0,0,-1,0
233492,0,0,-1,1
211538,1,0,-1,1
319675,0,0,-1,1
223542,1,1,-1,1
142017,0,1,-1,1
183373,0,0,-1,1
162658,0,0,0,0
195429,0,0,0,0
389944,0,0,-1,1
295196,0,0,0,1
322086,1,1,-1,1
249366,0,0,-1,1
237250,0,0,-1,1
455632,0,1,-1,1
200560,0,0,0,0
244334,0,0,0,0
432795,1,0,0,0
244761,0,0,0,0
268282,0,0,0,0
